1,factor_001,股权结构,低频-采矿,股权结构,经营,外部支持,实际控制人的性质及控股比例,拥有国家或地方政府背景的企业，更容易获得各种优惠政策，同时业务的运营发展也会受益于政府支持，在面临经济的不确定因素时，更容易得到政府救助。且通常持股比例越大，其救助意愿更强。各档位释义如下：{1-企业性质为中央企业、国家级国有企业，2-企业性质为省级地方国有企业且实际控制人持股比例大于等于50%，3-企业性质为省级地方国有企业且实际控制人持股比例小于50%，企业性质为市级地方国有企业，企业性质为无实际控制人(股东背景为市级及以上国资背景)，4-企业性质为其他国有企业、民营企业、集体企业、其他，或企业性质为无实际控制人(股东背景为市级以下国资或非国资)，5-数据缺失},,
2,factor_006,融资成本,低频-采矿,融资成本,财务,融资能力,2*（EBITDA/EBITDA利息保障倍数）/（本期期末有息债务+上期期末有息债务),企业债务成本越高，一方面企业承担的还息压力越大，企业面临的财务风险越高，另一方面，融资成本越高，反映了市场对企业信用资质的评价越低。 各档位释义如下：{1-[0%， 4%)，2-[4%， 4.5%)，3-[4.5%，5.5%)，4-[5.5%， +)，5-数据缺失},,
3,factor_012,受限货币资金占比,低频-采矿,受限货币资金占比,经营,营运能力,受限货币资金/货币资金,受限货币资金占比越高，企业能使用的资金额度越小，企业的付现能力越差。 各档位释义如下：{1-[0%， 3%)，2-[3%， 10%)，3-[10%， 20%)，4-[20%， 100%]，5-数据缺失},,
4,factor_058,产量,低频-采矿,产量,经营,营运能力,年产量,衡量企业生产规模的重要指标，同等条件下，规模大的企业通常能取得一定的规模效益。 各档位释义如下：{1-产量非常高：煤炭:[10000，+)万吨；黑色金属:[5000，+)万吨；黄金:[10，+)吨；石油:[5000，+)万吨；其他:产量非常高，2-产量较高：煤炭:[2000，10000)万吨；黑色金属:[1000，5000)万吨；黄金:[1，10)吨；石油:[500，5000)万吨；其他:产量较高，3-产量一般：煤炭:[500，2000)万吨；黑色金属:[100，1000)万吨；黄金:[0.1，1)吨；石油:[100，500)万吨；其他:产量一般，4-产量较低：煤炭:[0，500)万吨；黑色金属:[0，100)万吨；黄金:[0，0.1)吨；石油:[0，100)万吨；其他:产量较低，5-数据缺失},,
5,factor_582,利润波动情况,低频-采矿,利润波动情况,财务,盈利能力,营业利润波动情况、利润总额波动情况、净利润波动情况,从营业利润、利润总额和净利润三个维度考察发行人近三年的利润波动情况，利润多年为正，风险越小。各档位释义如下：{1-利润连续两年及以上为正，2-利润连续一年为正或为负，3-利润连续两年为负，4-利润连续三年为负，5-数据缺失},,
6,Leverage14,EBITDA利息保障倍数,低频-采矿,EBITDA利息保障倍数,财务,偿债能力,EBITDA/减:财务费用,(EBIT＋折旧＋摊销)/财务费用；利息保障倍数反映企业的获利能力大小，也是衡量企业长期偿债能力大小的重要标志。要维持正常偿债能力，倍数至少应大于1，且比值越高，企业长期偿债能力越强,倍,倍
7,Operation12,资产总额周转率,低频-采矿,资产总额周转率,财务,营运能力,营业收入*2/(期初资产总计+资产总计),资产总额周转率综合反映了企业整体资产的营运能力，该指标越大，说明总资产周转越快，反映出销售能力越强。,数值,%
8,Size2,所有者权益,低频-采矿,所有者权益,财务,规模水平,股东权益合计,所有者权益，值越大，抗风险能力越强,元,亿元
9,Structure2,有息债务/(有息债务+所有者权益),低频-采矿,有息债务/(有息债务+所有者权益),财务,资本结构,有息债务/(有息债务+所有者权益),比值越大说明财务杠杆风险越大,数值,%
10,factor_001,股权结构,低频-原材料制造,股权结构,经营,外部支持,实际控制人的性质及控股比例,拥有国家或地方政府背景的企业，更容易获得各种优惠政策，同时业务的运营发展也会受益于政府支持，在面临经济的不确定因素时，更容易得到政府救助。且通常持股比例越大，其救助意愿更强。 各档位释义如下：{1-企业性质为中央企业、国家级国有企业，2-企业性质为省级地方国有企业、市级地方国有企业，3-企业性质为其他国有企业，企业性质为无实际控制人(股东背景为国资背景)，企业性质为民营企业且实际控制人持股比例大于等于50%，4-企业性质为集体企业、其他，企业性质为民营企业且实际控制人持股比例小于50%，或企业性质为无实际控制人(股东背景为非国资)，5-数据缺失},,
11,factor_003,长期信用借款占比,低频-原材料制造,长期信用借款占比,经营,资本结构,长期信用借款（亿元）/长期借款（亿元）,长期信用借款占比越高说明银行对企业的信用资质的信心越高，企业的信用风险越低。,数值,%
12,factor_012,受限货币资金占比,低频-原材料制造,受限货币资金占比,经营,营运能力,受限货币资金/货币资金,受限货币资金占比越高，企业能使用的资金额度越小，企业的付现能力越差。 各档位释义如下：{1-[0%，5%)，2-[5%，20%)，3-[20%，50%)，4-[50%，100%]，5-数据缺失},,
13,factor_071,市场地位,低频-原材料制造,市场地位,经营,竞争实力,企业在行业中的市场地位,市场地位越高，企业竞争实力越强，企业抵抗市场风险的能力越强。各档位释义如下：{1-市场地位很高，2-市场地位一般，3-市场地位较低，4-无描述或者市场地位特别低，5-数据缺失},,
14,factor_582,利润波动情况,低频-原材料制造,利润波动情况,财务,盈利能力,营业利润波动情况、利润总额波动情况、净利润波动情况,从营业利润、利润总额和净利润三个维度考察发行人近三年的利润波动情况，利润多年为正，风险越小。各档位释义如下：{1-利润连续两年及以上为正，2-利润连续一年为正或为负，3-利润连续两年为负，4-利润连续三年为负，5-数据缺失},,
15,Leverage14,EBITDA利息保障倍数,低频-原材料制造,EBITDA利息保障倍数,财务,偿债能力,EBITDA/减:财务费用,(EBIT＋折旧＋摊销)/财务费用；利息保障倍数反映企业的获利能力大小，也是衡量企业长期偿债能力大小的重要标志。要维持正常偿债能力，倍数至少应大于1，且比值越高，企业长期偿债能力越强,倍,倍
16,Leverage18,有息债务/EBITDA,低频-原材料制造,有息债务/EBITDA,财务,偿债能力,有息债务/EBITDA,有息债务/EBITDA,数值,%
17,Operation3,存货周转率,低频-原材料制造,存货周转率,财务,营运能力,减:营业成本*2/(期初存货+存货),存货周转率反映用来衡量企业生产经营各环节中存货运营效率，该指标越高，表明企业存货资产变现能力越强，存货及占用在存货上的资金周转速度越快,数值,%
18,Profitability3,净资产收益率,低频-原材料制造,净资产收益率,财务,盈利能力,净利润*2/(期初股东权益合计+股东权益合计),净资产收益率是指净利润与净资产的比率，它反映每1元净资产创造的净利润，值越大，盈利能力越强,数值,%
19,Size2,所有者权益,低频-原材料制造,所有者权益,财务,规模水平,股东权益合计,所有者权益，值越大，抗风险能力越强,元,亿元
20,factor_071,市场地位,低频-化工,市场地位,经营,竞争实力,企业在行业中的市场地位,市场地位越高，企业竞争实力越强，企业抵抗市场风险的能力越强。各档位释义如下：{1-市场地位很高，2-市场地位一般，3-市场地位较低，4-无描述或者市场地位特别低，5-数据缺失},,
21,factor_003,长期信用借款占比,低频-化工,长期信用借款占比,经营,资本结构,长期信用借款（亿元）/长期借款（亿元）,长期信用借款占比越高说明银行对企业的信用资质的信心越高，企业的信用风险越低。,数值,%
22,factor_001,股权结构,低频-化工,股权结构,经营,外部支持,实际控制人的性质及控股比例,拥有国家或地方政府背景的企业，更容易获得各种优惠政策，同时业务的运营发展也会受益于政府支持，在面临经济的不确定因素时，更容易得到政府救助。且通常持股比例越大，其救助意愿更强。 各档位释义如下：{1-企业性质为中央企业、国家级国有企业，2-企业性质为省级地方国有企业、市级地方国有企业，3-企业性质为其他国有企业，企业性质为无实际控制人(股东背景为国资背景)，企业性质为民营企业且实际控制人持股比例大于等于50%，4-企业性质为集体企业、其他，企业性质为民营企业且实际控制人持股比例小于50%，或企业性质为无实际控制人(股东背景为非国资)，5-数据缺失},,
23,factor_067,客户集中度,低频-化工,客户集中度,经营,营运能力,客户集中度,如果企业客户集中度很高，那么单一客户的流失将会给企业销售造成很大压力。各档位释义如下：{1-[0%，10%)，2-[10%，18%），3-[18%，28%），4-[28%，+)，5-数据缺失},,
24,factor_006,融资成本,低频-化工,融资成本,财务,融资能力,2*（EBITDA/EBITDA利息保障倍数）/（本期期末有息债务（亿元）+上期期末有息债务（亿元）),企业债务成本越高，一方面企业承担的还息压力越大，企业面临的财务风险越高，另一方面，融资成本越高，反映了市场对企业信用资质的评价越低。 各档位释义如下：{1-[0%，4%），2-[4%，4.6%），3-[4.6%，5.3%），4-[5.3%，+)，5-数据缺失},,
25,factor_009,应收账款坏账准备率,低频-化工,应收账款坏账准备率,经营,营运能力,应收账款坏账准备合计(亿元)/应收账款账面余额（亿元）,坏账准备金率反映企业应收账款的整体坏账程度。 各档位释义如下：{1-[0%，4%)，2-[4%，7%)，3-[7%，11%)，4-[11%，100%]，5-数据缺失},,
26,factor_012,受限货币资金占比,低频-化工,受限货币资金占比,经营,营运能力,受限货币资金（亿元）/货币资金（亿元）,受限货币资金占比越高，企业能使用的资金额度越小，企业的付现能力越差。 各档位释义如下：{1-[0%，6%），2-[6%，18%），3-[18%，35%），4-[35%，100%]，5-数据缺失},,
27,factor_582,利润波动情况,低频-化工,利润波动情况,财务,盈利能力,营业利润波动情况、利润总额波动情况、净利润波动情况,从营业利润、利润总额和净利润三个维度考察发行人近三年的利润波动情况，利润多年为正，风险越小。各档位释义如下：{1-利润连续两年及以上为正，2-利润连续一年为正或为负，3-利润连续两年为负，4-利润连续三年为负，5-数据缺失},,
28,Leverage13,EBIT利息保障倍数,低频-化工,EBIT利息保障倍数,财务,偿债能力,EBIT/财务费用,利息保障倍数反映企业的获利能力大小，也是衡量企业长期偿债能力大小的重要标志。要维持正常偿债能力，倍数至少应大于1，且比值越高，企业长期偿债能力越强。,倍,倍
29,Operation1,营业周期,低频-化工,营业周期,财务,营运能力,360*(期初存货+存货)/减:营业成本/2+360*(期初应收账款+应收账款)/营业收入/2,360*(期初存货+存货)/减:营业成本/2+360*(期初应收账款+应收账款)/营业收入/2,天,天
30,Size2,所有者权益,低频-化工,所有者权益,财务,规模水平,股东权益合计,所有者权益，值越大，抗风险能力越强,元,亿元
31,Structure19,短期有息债务/有息债务,低频-化工,短期有息债务/有息债务,财务,资本结构,短期有息债务/有息债务,短期有息债务/有息债务,数值,%
32,factor_001,股权结构,低频-公用事业,股权结构,经营,外部支持,实际控制人的性质及控股比例,拥有国家或地方政府背景的企业，更容易获得各种优惠政策，同时业务的运营发展也会受益于政府支持，在面临经济的不确定因素时，更容易得到政府救助。且通常持股比例越大，其救助意愿更强。 各档位释义如下：{1-企业性质为中央企业、国家级国有企业且持股比例大于等于50%，2-企业性质为国家级国有企业且持股比例小于50%、省级地方国有企业，3-企业性质为市级地方国有企业且实际控制人持股比例大于等于20%、无实际控制人且股东背景为市级及以上国资委，4-其他，5-数据缺失},,
33,factor_079,服务能力,低频-公用事业,服务能力,经营,营运能力,企业主要项目服务能力，电力考虑装机容量，水务考虑日供水能力和日污水处理能力，燃气考虑售气量,服务能力代表企业资产实现经济效益的能力。各档位释义如下：{1-服务能力优秀，2-服务能力良好，3-服务能力一般，4-服务能力较差，5-数据缺失},,
34,factor_003,长期信用借款占比,低频-公用事业,长期信用借款占比,经营,资本结构,长期信用借款（亿元）/长期借款（亿元）,长期信用借款占比越高说明银行对企业的信用资质的信心越高，企业的信用风险越低。,数值,%
35,factor_012,受限货币资金占比,低频-公用事业,受限货币资金占比,经营,营运能力,受限货币资金（亿元）/货币资金（亿元）,受限货币资金占比越高，企业能使用的资金额度越小，企业的付现能力越差。 各档位释义如下：{1-[0，0.001)，2-[0.001，0.02)，3-[0.02，0.1)，4-[0.1，1]，5-数据缺失},,
36,Leverage9,经营活动产生的现金流量净额/短期有息债务,低频-公用事业,经营活动产生的现金流量净额/短期有息债务,财务,偿债能力,经营活动产生的现金流量净额/短期有息债务,经营活动产生的现金流量净额/短期有息债务从现金流的角度反应了短期偿债能力，比值越大，偿债能力越强,数值,%
37,Leverage14,EBITDA利息保障倍数,低频-公用事业,EBITDA利息保障倍数,财务,偿债能力,EBITDA/减:财务费用,(EBIT＋折旧＋摊销)/财务费用；利息保障倍数反映企业的获利能力大小，也是衡量企业长期偿债能力大小的重要标志。要维持正常偿债能力，倍数至少应大于1，且比值越高，企业长期偿债能力越强,倍,倍
38,Operation12,资产总额周转率,低频-公用事业,资产总额周转率,财务,营运能力,营业收入*2/(期初资产总计+资产总计),资产总额周转率综合反映了企业整体资产的营运能力，该指标越大，说明总资产周转越快，反映出销售能力越强。,数值,%
39,Profitability10,EBITDA/营业收入,低频-公用事业,EBITDA/营业收入,财务,盈利能力,EBITDA/营业收入,EBITDA/营业收入,数值,%
40,Size1,资产总额,低频-公用事业,资产总额,财务,规模水平,资产总计,资产总计,元,亿元
41,Structure19,短期有息债务/有息债务,低频-公用事业,短期有息债务/有息债务,财务,资本结构,短期有息债务/有息债务,短期有息债务/有息债务,数值,%
42,factor_001,股权结构,低频-交通运输,股权结构,经营,外部支持,实际控制人的性质及控股比例,拥有国家或地方政府背景的企业，更容易获得各种优惠政策，同时业务的运营发展也会受益于政府支持，在面临经济的不确定因素时，更容易得到政府救助。且通常持股比例越大，其救助意愿更强。 各档位释义如下：{1-企业性质为中央企业、国家级国有企业，2-企业性质为省级地方国有企业，3-企业性质为市级地方国有企业，4-企业性质为其他国有企业、集体企业、民营企业、无实际控制人、其他，5-数据缺失},,
43,factor_002,受限资产占比,低频-交通运输,受限资产占比,经营,营运能力,受限资产合计（亿元）/资产总额（亿元）,受限资产占比越高，企业未来通过抵质押贷款的空间越小。,数值,%
44,factor_077,区域经济发展水平,低频-交通运输,区域经济发展水平,经营,外部环境,所在区域的经济发达程度。,交通运输是支撑国民经济发展的基础性行业，公司所在的区域经济对公司的业务量具有重要影响。区域经济发展程度越高，公司的市场需求就越大。 各档位释义如下：{1-经济发达(包括航空公司-全国性运营；港口-9大干线港港口；铁路-全国性运营；其他-全国性运营；航运-全国性运营；收费路桥-北京、上海、江苏、天津、浙江、福建、广东；机场-一线城市)，2-经济发展水平中上游(包括航空公司-北京、上海、江苏、天津、浙江、福建、广东；港口-北京、上海、江苏、天津、浙江、福建、广东；铁路-东部；其他-东部；航运-东部；收费路桥-山东、海南、河北、中部地区省份；机场-二线城市)，3-经济发展水平中下游(包括航空公司-山东、海南、河北、中部地区省份；港口-山东、海南、河北、中部地区省份；铁路-中部；其他-中部；航运-中部；收费路桥-东北；机场-三线城市)，4-经济欠发达(包括航空公司-东北、西部；港口-东北、西部；铁路-东北、西部；其他-东北、西部；航运-东北、西部；收费路桥-西部；机场-四线城市)，5-数据缺失},,
45,factor_078,经营实力,低频-交通运输,经营实力,经营,竞争实力,公司业务规模、经营效率等在同行业中的档次,公司业务规模、经营效益是公司在同行业中的核心竞争之一。规模越大，经营效率越高，则公司抵抗经营风险的能力越强。 各档位释义如下：{1-行业内领先，2-行业内中上游，3-行业内中游，4-行业内中下游，5-数据缺失},,
46,Leverage14,EBITDA利息保障倍数,低频-交通运输,EBITDA利息保障倍数,财务,偿债能力,EBITDA/减:财务费用,(EBIT＋折旧＋摊销)/财务费用；利息保障倍数反映企业的获利能力大小，也是衡量企业长期偿债能力大小的重要标志。要维持正常偿债能力，倍数至少应大于1，且比值越高，企业长期偿债能力越强,倍,倍
47,Operation14,经营活动产生的现金流量净额/营业收入,低频-交通运输,经营活动产生的现金流量净额/营业收入,财务,营运能力,经营活动产生的现金流量净额/营业收入,表示经营流入占收入比重，比例越大现金流入越多,数值,%
48,Size4,营业收入,低频-交通运输,营业收入,财务,规模水平,营业收入,营业收入,元,亿元
49,Structure1,资产负债率,低频-交通运输,资产负债率,财务,资本结构,负债合计/资产总计,负债合计/资产总额 反应了企业的负债水平，值越大，负债水平越高,数值,%
50,Structure19,短期有息债务/有息债务,低频-交通运输,短期有息债务/有息债务,财务,资本结构,短期有息债务/有息债务,短期有息债务/有息债务,数值,%
51,factor_001,股权结构,低频-房地产,股权结构,经营,外部支持,实际控制人的性质及控股比例,拥有国家或地方政府背景的企业，更容易获得各种优惠政策，同时业务的运营发展也会受益于政府支持，在面临经济的不确定因素时，更容易得到政府救助。且通常持股比例越大，其救助意愿更强。 各档位释义如下：{1-企业性质为中央企业、国家级国有企业且实际控制人持股比例大于等于50%，2-企业性质为中央企业、国家级国有企业且实际控制人持股比例小于50%，企业性质为省级及直辖市、计划单列市（深圳、厦门、宁波、青岛、大连）、广州市地方国有企业且实际控制人持股比例大于等于50%，3-企业性质为省级及直辖市、计划单列市（深圳、厦门、宁波、青岛、大连）、广州市地方国有企业且实际控制人持股比例小于50%，市级地方国有企业及省级、直辖市、计划单列市、广州市区级国有企业且实际控制人持股比例大于等于50%或缺失，4-市级地方国有企业及省级、直辖市、计划单列市、广州市区级国有企业且实际控制人持股比例小于50%和其他国有企业，5-企业性质为集体企业、民营企业、无实际控制人、其他},,
52,factor_006,融资成本,低频-房地产,融资成本,财务,融资能力,2*（EBITDA/EBITDA利息保障倍数）/（本期期末有息债务（亿元）+上期期末有息债务（亿元）),企业债务成本越高，一方面企业承担的还息压力越大，企业面临的财务风险越高，另一方面，融资成本越高，反映了市场对企业信用资质的评价越低。 各档位释义如下：{1-[0，5%），2-[5%，6%），3-[6%，7.5%），4-[7.5%，+∞），5-数据缺失},,
53,factor_015,合同销售金额,低频-房地产,合同销售金额,经营,营运能力,当年合同销售金额（亿元）,该项指标能够较为全面地反映受评企业的业务规模和市场份额，衡量了受评企业所开发项目的市场真实需求情况，具有较强的可比性。,元,亿元
54,factor_017,房地产开发企业排名,低频-房地产,房地产开发企业排名,经营,竞争实力,由中国房地产业协会与中国房地产测评中心联合发布的中国房地产500强测评成果内的排名,沪深交易所对房地产发债的发行主体准入条件做了限制，其中一条为中国房地产业协会排名前100名的其他民营非上市房地产企业。各档位释义如下：{1-(-，20]，2-[21，100]，3-[101，200]，4-[201，500]，5-未上榜，6-数据缺失},,
55,factor_020,土地储备规模（万平方米）,低频-房地产,土地储备规模（万平方米）,经营,营运能力,年末合计土地储备规模,土地储备直接反映了受评企业未来的发展潜力和潜在的业务增长空间，在很大程度上决定了受评企业未来的资产和业务规模。各档位释义如下：{1-土地储备面积：(500，+)或土地储备建筑面积：(1000，+)，2-土地储备面积：(200，500]或土地储备建筑面积：(400，1000]，3-土地储备面积：(50，200]或土地储备建筑面积：(100，400]，4-土地储备面积：(-，50]或土地储备建筑面积：(-，100]，5-数据缺失},,
56,factor_026,在建项目区域分布,低频-房地产,在建项目区域分布,经营,营运能力,当年在建项目的地域分布,项目分布区域影响房地产开发的成本以及盈利能力。国内房地产行业将国内区域划分为一、二、三、四线城市，不同城市的拿地成本不同，价格趋势也不尽相同。不同城市经济发展情况不同，相应的，房地产价格走势也不同。相对而言，一二线城市的房地产价格呈上涨态势，三四线城市的房地产价格上升空间不大，所以经营区域也是影响房地产企业竞争力的重要因素。 各档位释义如下：{1-在建项目主要在一线城市，或计算得分[0，1.5]，2-在建项目主要在一、二线城市，或计算得分(1.5，2]，3-在建项目主要在二三线城市，或计算得分(2，2.8]，4-在建项目主要在三四线城市，或计算得分(2.8，4]，或无在建项目，5-数据缺失},,
57,factor_027,主营业务行业相关度,低频-房地产,主营业务行业相关度,经营,营运能力,主营业务涉及行业之间的相关度（考察主营业务中除房地产行业相关的业务是否属于房地产的上下游行业）,考虑企业多元化经营的运营能力。 各档位释义如下：{1-业务延伸至产业链上下游，2-专注于主营业务，3-主营业务相关度较小，4-数据缺失},,
58,factor_190,土地储备区域分布,低频-房地产,土地储备区域分布,经营,营运能力,土地储备规划建筑面积在各线城市分布的占比情况,项目分布区域影响房地产开发的成本以及盈利能力。国内房地产行业将国内区域划分为一、二、三、四线城市，不同城市的拿地成本不同，价格趋势也不尽相同。不同城市经济发展情况不同，相应的，房地产价格走势也不同。相对而言，一二线城市的房地产价格呈上涨态势，三四线城市的房地产价格上升空间不大，所以经营区域也是影响房地产企业竞争力的重要因素。 各档位释义如下：{1-土地储备主要在一线城市或计算得分[0，1.5]，2-土地储备主要在一、二线城市或计算得分(1.5，2]，3-土地储备主要在二三线城市或计算得分(2，3]，4-土地储备主要在三四线城市或计算得分（3，4]，或无土地储备，5-数据缺失},,
59,factor_192,受限资产占比2,低频-房地产,受限资产占比2,经营,营运能力,受限资产合计（亿元）/（所有者权益（亿元）-其他权益工具（亿元））,受限资产占比越高，企业未来通过抵质押贷款的空间越小。 各档位释义如下：{1-[0，0.3)，2-[0.3，0.6)，3-[0.6，1)，4-[1，1.5)，5-[1.5，+∞)或(-∞，0），6-数据缺失},,
60,Leverage14,EBITDA利息保障倍数,低频-房地产,EBITDA利息保障倍数,财务,偿债能力,EBITDA/减:财务费用,(EBIT＋折旧＋摊销)/财务费用；利息保障倍数反映企业的获利能力大小，也是衡量企业长期偿债能力大小的重要标志。要维持正常偿债能力，倍数至少应大于1，且比值越高，企业长期偿债能力越强,倍,倍
61,Leverage4,现金比率,低频-房地产,现金比率,财务,偿债能力,(货币资金+交易性金融资产)/流动负债合计,现金比率反应了企业的流动性，比值越大，流动性越强,数值,%
62,Profitability11,期间费用率,低频-房地产,期间费用率,财务,盈利能力,(减:销售费用+减:管理费用+减:财务费用+减：研发费用)/营业收入,期间费用与营业收入的比值，值越大，盈利能力越弱,数值,%
63,Size2,所有者权益,低频-房地产,所有者权益,财务,规模水平,股东权益合计,所有者权益，值越大，抗风险能力越强,元,亿元
64,Structure13,应收账款/资产总额,低频-房地产,应收账款/资产总额,财务,资本结构,应收账款/资产总计,应收账款/资产总额指标越高说明公司现金流承压较大，所带来坏账风险等风险较高,数值,%
65,Structure19,短期有息债务/有息债务,低频-房地产,短期有息债务/有息债务,财务,资本结构,短期有息债务/有息债务,短期有息债务/有息债务,数值,%
66,factor_001,股权结构,低频-服务业,股权结构,经营,外部支持,实际控制人的性质及控股比例,拥有国家或地方政府背景的企业，更容易获得各种优惠政策，同时业务的运营发展也会受益于政府支持，在面临经济的不确定因素时，更容易得到政府救助。且通常持股比例越大，其救助意愿更强。 各档位释义如下：{1-央企，国家级国有企业且控股比例大于或等于50%；，2-国家级国有企业控股比例小于50%；省直辖市级地方国有企业且实际控制人持股比例大于50%，3-省级地方国有企业且实际控制人持股比例小于50%；市级地方国有企业、和其他国有企业，4-企业性质为集体企业、民营企业、无实际控制人、其他情况，5-数据缺失},,
67,factor_002,受限资产占比,低频-服务业,受限资产占比,经营,营运能力,受限资产合计（亿元）/资产总额（亿元）,受限资产占比越高，企业未来通过抵质押贷款的空间越小。,数值,%
68,factor_003,长期信用借款占比,低频-服务业,长期信用借款占比,经营,资本结构,长期信用借款（亿元）/长期借款（亿元）,长期信用借款占比越高说明银行对企业的信用资质的信心越高，企业的信用风险越低。,数值,%
69,factor_010,应收账款集中度,低频-服务业,应收账款集中度,经营,营运能力,应收账款集中度,应收账款占比越大，应收账款前五大占比越大，则更容易受单一客户应收账款的影响，风险更大。 各档位释义如下：{1-[0%，15%)，2-[15%，25%)，3-[25%，50%)，4-[50%，100%]，5-数据缺失},,
70,factor_086,核心竞争力,低频-服务业,核心竞争力,经营,竞争实力,核心竞争力是指能保持企业持续获得超过行业平均利润水平的能力。核心竞争力可以是业务牌照、人力资源、渠道资源、技术等。,企业所拥有的核心竞争力越强，在行业竞争中获得超出行业平均回报的可能性和规模就越大，相应地抗击行业风险的能力也越强。各档位释义如下：{1-核心竞争力极强，2-核心竞争力较强，3-核心竞争力一般，4-数据缺失},,
71,Leverage14,EBITDA利息保障倍数,低频-服务业,EBITDA利息保障倍数,财务,偿债能力,EBITDA/减:财务费用,(EBIT＋折旧＋摊销)/财务费用；利息保障倍数反映企业的获利能力大小，也是衡量企业长期偿债能力大小的重要标志。要维持正常偿债能力，倍数至少应大于1，且比值越高，企业长期偿债能力越强,倍,倍
72,Operation1,营业周期,低频-服务业,营业周期,财务,营运能力,360*(期初存货+存货)/减:营业成本/2+360*(期初应收账款+应收账款)/营业收入/2,360*(期初存货+存货)/减:营业成本/2+360*(期初应收账款+应收账款)/营业收入/2,天,天
73,Profitability10,EBITDA/营业收入,低频-服务业,EBITDA/营业收入,财务,盈利能力,EBITDA/营业收入,EBITDA/营业收入,数值,%
74,Size2,所有者权益,低频-服务业,所有者权益,财务,规模水平,股东权益合计,所有者权益，值越大，抗风险能力越强,元,亿元
75,Structure19,短期有息债务/有息债务,低频-服务业,短期有息债务/有息债务,财务,资本结构,短期有息债务/有息债务,短期有息债务/有息债务,数值,%
76,factor_001,股权结构,低频-工业设备制造,股权结构,经营,外部支持,实际控制人的性质及控股比例,拥有国家或地方政府背景的企业，更容易获得各种优惠政策，同时业务的运营发展也会受益于政府支持，在面临经济的不确定因素时，更容易得到政府救助。且通常持股比例越大，其救助意愿更强。 各档位释义如下：{1-央企，2-国资委控股企业，3-省直辖市及其他地区国资委控股企业，4-集体企业、民营企业、无实际控制人、其他，5-数据缺失},,
77,factor_005,银行授信额度占比,低频-工业设备制造,银行授信额度占比,经营,营运能力,银行授信总额度（亿元）/所有者权益（亿元）,从相对层面考察银行对企业资质的认可程度，银行授信总额/所有者权益越高，银行对其资质的认可度越大，侧面反映企业资质越优秀。 各档位释义如下：{1-[200%，+)，2-[120%，200%），3-[70%，120%），4-(-，70%），5-数据缺失},,
78,factor_006,融资成本,低频-工业设备制造,融资成本,财务,融资能力,2*（EBITDA/EBITDA利息保障倍数）/（本期期末有息债务（亿元）+上期期末有息债务（亿元）),企业债务成本越高，一方面企业承担的还息压力越大，企业面临的财务风险越高，另一方面，融资成本越高，反映了市场对企业信用资质的评价越低。 各档位释义如下：{1-(-，3%），2-[3%，4%），3-[4%，5%），4-[5%，+），5-数据缺失},,
79,factor_012,受限货币资金占比,低频-工业设备制造,受限货币资金占比,经营,营运能力,受限货币资金（亿元）/货币资金（亿元）,受限货币资金占比越高，企业能使用的资金额度越小，企业的付现能力越差。 各档位释义如下：{1-[0，5%），2-[5%，10%），3-[10%，20%)，4-[20%，100%)，5-数据缺失},,
80,factor_067,客户集中度,低频-工业设备制造,客户集中度,经营,营运能力,客户集中度,如果企业客户集中度很高，那么单一客户的流失将会给企业销售造成很大压力。各档位释义如下：{1-[0，15%），2-[15%，30%），3-[30%，50%)，4-[50%，+)，5-数据缺失},,
81,factor_071,市场地位,低频-工业设备制造,市场地位,经营,竞争实力,企业在行业中的市场地位,市场地位越高，企业竞争实力越强，企业抵抗市场风险的能力越强。各档位释义如下：{1-市场地位很高，2-市场地位一般，3-无描述或者市场地位较低，4-数据缺失},,
82,factor_075,技术先进性,低频-工业设备制造,技术先进性,经营,竞争实力,企业生产工艺、技术水平、设备的先进情况,企业的技术水平越高，在行业中获得的产品技术优势、成本优势越大，在行业中越具有竞争力。各档位释义如下：{1-技术水平处于领先地位，2-技术水平较高，3-无描述或者描述技术水平一般，4-数据缺失},,
83,Leverage14,EBITDA利息保障倍数,低频-工业设备制造,EBITDA利息保障倍数,财务,偿债能力,EBITDA/减:财务费用,(EBIT＋折旧＋摊销)/财务费用；利息保障倍数反映企业的获利能力大小，也是衡量企业长期偿债能力大小的重要标志。要维持正常偿债能力，倍数至少应大于1，且比值越高，企业长期偿债能力越强,倍,倍
84,Operation3,存货周转率,低频-工业设备制造,存货周转率,财务,营运能力,减:营业成本*2/(期初存货+存货),存货周转率反映用来衡量企业生产经营各环节中存货运营效率，该指标越高，表明企业存货资产变现能力越强，存货及占用在存货上的资金周转速度越快,数值,%
85,Profitability11,期间费用率,低频-工业设备制造,期间费用率,财务,盈利能力,(减:销售费用+减:管理费用+减:财务费用+减：研发费用)/营业收入,期间费用与营业收入的比值，值越大，盈利能力越弱,数值,%
86,Profitability3,净资产收益率,低频-工业设备制造,净资产收益率,财务,盈利能力,净利润*2/(期初股东权益合计+股东权益合计),净资产收益率是指净利润与净资产的比率，它反映每1元净资产创造的净利润，值越大，盈利能力越强,数值,%
87,Size2,所有者权益,低频-工业设备制造,所有者权益,财务,规模水平,股东权益合计,所有者权益，值越大，抗风险能力越强,元,亿元
88,Structure18,有息债务/负债合计,低频-工业设备制造,有息债务/负债合计,财务,资本结构,有息债务/负债合计,有息债务/负债合计指标反映企业举债成本，该指标越低，证明企业举债成本越低，相对来说利润也就会提高,数值,%
89,Structure19,短期有息债务/有息债务,低频-工业设备制造,短期有息债务/有息债务,财务,资本结构,短期有息债务/有息债务,短期有息债务/有息债务,数值,%
90,factor_001,股权结构,低频-建筑,股权结构,经营,外部支持,实际控制人的性质及控股比例,拥有国家或地方政府背景的企业，更容易获得各种优惠政策，同时业务的运营发展也会受益于政府支持，在面临经济的不确定因素时，更容易得到政府救助。且通常持股比例越大，其救助意愿更强。 各档位释义如下：{1-央企，2-国资委控股企业且实际控制人持股比例大于等于50%，3-国资委控股企业且实际控制人持股比例小于50%；省直辖市及其他地区国资委控股50%以上，4-省直辖市及其他地区国资委控股50%以下及所有民营企业；或者无实际控制人，5-数据缺失},,
91,factor_011,应收账款账龄,低频-建筑,应收账款账龄,经营,营运能力,应收账款账龄,一年以上的应收账款占比越高，应收账款回收风险越高。 各档位释义如下：{1-[0，0.15)，2-[0.15，0.25)，3-[0.25，0.35)，4-[0.35，0.45)，5-[0.45，+），6-数据缺失},,
92,factor_012,受限货币资金占比,低频-建筑,受限货币资金占比,经营,营运能力,受限货币资金（亿元）/货币资金（亿元）,受限货币资金占比越高，企业能使用的资金额度越小，企业的付现能力越差。 各档位释义如下：{1-[0%，3%)，2-[3%，15%)，3-[15%，100%]，4-数据缺失},,
93,factor_031,施工资质,低频-建筑,施工资质,经营,竞争实力,企业获得住建部颁发的建筑施工资质情况,施工资质是企业参与业务的进入门槛，资质级别越高、越丰富，企业能参与的业务范围越多，企业的竞争力越高。各档位释义如下：{1-企业施工资质很高：拥有施工总承包特级资质两项及以上；或拥有一项施工总承包特级资质和三项及以上施工总承包一级资质，2-企业施工资质较高：拥有施工总承包特级资质一项，但拥有的施工总承包未达三项，3-企业施工资质一般：拥有施工总承包一级资质，4-企业施工资质较弱：拥有其他施工资质，5-数据缺失},,
94,factor_032,获奖情况,低频-建筑,获奖情况,经营,竞争实力,近五年企业获得“鲁班奖”、“国家优质工程奖”、“詹天佑奖”的获奖情况,高级别奖项越多，企业受认可程度越高，企业的技术水平越高。 各档位释义如下：{1-获得或等同于获得最高奖项8.5项及以上，2-获得或等同于获得最高奖项1-8项，3-获得或等同于获得最高奖项0-0.5项，4-数据缺失},,
95,factor_034,在手合同金额,低频-建筑,在手合同金额,经营,营运能力,在手合同金额,在手合同额越高，市场规模越大,元,亿元
96,factor_035,新签合同金额,低频-建筑,新签合同金额,经营,营运能力,新签合同金额,新签合同金额越高，企业未来项目储备越充足。,元,亿元
97,Profitability3,净资产收益率,低频-建筑,净资产收益率,财务,盈利能力,净利润*2/(期初股东权益合计+股东权益合计),净资产收益率是指净利润与净资产的比率，它反映每1元净资产创造的净利润，值越大，盈利能力越强,数值,%
98,Structure18,有息债务/负债合计,低频-建筑,有息债务/负债合计,财务,资本结构,有息债务/负债合计,有息债务/负债合计指标反映企业举债成本，该指标越低，证明企业举债成本越低，相对来说利润也就会提高,数值,%
99,Leverage7,(货币资金+交易性金融资产)/短期有息债务,低频-建筑,(货币资金+交易性金融资产)/短期有息债务,财务,偿债能力,(货币资金+交易性金融资产)/短期有息债务,货币资金和交易性金融资产能否覆盖短期有息债务，占比越大说明公司资金链充足，短期偿债能力越强,数值,%
100,Operation13,销售获现比率,低频-建筑,销售获现比率,财务,营运能力,销售商品、提供劳务收到的现金/营业收入,销售获现比率反映企业从主营业务收入中获得现金的能力,数值,%
101,Size1,资产总额,低频-建筑,资产总额,财务,规模水平,资产总计,资产总计,元,亿元
102,factor_001,股权结构,低频-批发,股权结构,经营,外部支持,实际控制人的性质及控股比例,拥有国家或地方政府背景的企业，更容易获得各种优惠政策，同时业务的运营发展也会受益于政府支持，在面临经济的不确定因素时，更容易得到政府救助。且通常持股比例越大，其救助意愿更强。 各档位释义如下：{1-央企或国资委控股企业，2-省直辖市及其他地区国资委控股50%以上，3-省直辖市及其他地区国资委控股50%以下及所有民营企业，4-数据缺失},,
103,factor_010,应收账款集中度,低频-批发,应收账款集中度,经营,营运能力,应收账款集中度,应收账款占比越大，应收账款前五大占比越大，则更容易受单一客户应收账款的影响，风险更大。 各档位释义如下：{1-[0%，15%)，2-[15%，30%)，3-[30%，50%)，4-[50%，100%]，5-数据缺失},,
104,factor_012,受限货币资金占比,低频-批发,受限货币资金占比,经营,营运能力,受限货币资金（亿元）/货币资金（亿元）,受限货币资金占比越高，企业能使用的资金额度越小，企业的付现能力越差。 各档位释义如下：{1-[0，8%)，2-[8%，18%)，3-[18%，40%)，4-[40%，+)，5-数据缺失},,
105,factor_071,市场地位,低频-批发,市场地位,经营,竞争实力,企业在行业中的市场地位,市场地位越高，企业竞争实力越强，企业抵抗市场风险的能力越强。各档位释义如下：{1-市场地位很高，2-市场地位一般，3-无描述或者市场地位较低，4-数据缺失},,
106,factor_087,客户需求情况,低频-批发,客户需求情况,经营,营运能力,零售：企业主要区域内居民人均可支配收入批发：客户集中度,区域居民人均可支配收入水平越高，购买力越强，对于零售行业发展越有利；区域居民人均可支配收入水平越低，对于零售行业发展越不利;客户集中度越高，批发企业面临的经营风险越高；客户集中度越低，批发企业面临的经营风险越低。各档位释义如下：{1-[0，12%)，2-[12%，30%)，3-[30%，+)，4-数据缺失},,
107,factor_089,销售业态多元化,低频-批发,销售业态多元化,经营,营运能力,销售业态的种类多少,销售业态越多，越能抵御市场变化以及消费习惯变化的风险。各档位释义如下：{1-[3，+)，2-2，3-1，4-数据缺失},,
108,Growth5,归属于母公司股东的净利率同比增长率,低频-批发,归属于母公司股东的净利率同比增长率,财务,盈利能力,[(归属于母公司股东的净利润-上期归属于母公司股东的净利润)/上期归属于母公司股东的净利润+(上期归属于母公司股东的净利润-上上期归属于母公司股东的净利润)/上上期归属于母公司股东的净利润]/2,反应企业盈利能力变化情况，比率为正且值越大反应企业盈利能力增强。,数值,%
109,Profitability8,销售净利率,低频-批发,销售净利率,财务,盈利能力,净利润/营业收入,指标值越大，反映公司销售获利能力越强,数值,%
110,Size1,资产总额,低频-批发,资产总额,财务,规模水平,资产总计,资产总计,元,亿元
111,Size5,营业利润,低频-批发,营业利润,财务,规模水平,营业利润,指标值越大，反映公司营业利润规模越大,元,亿元
112,Structure18,有息债务/负债合计,低频-批发,有息债务/负债合计,财务,资本结构,有息债务/负债合计,有息债务/负债合计指标反映企业举债成本，该指标越低，证明企业举债成本越低，相对来说利润也就会提高,数值,%
113,Structure19,短期有息债务/有息债务,低频-批发,短期有息债务/有息债务,财务,资本结构,短期有息债务/有息债务,短期有息债务/有息债务,数值,%
114,factor_001,股权结构,低频-零售,股权结构,经营,外部支持,实际控制人的性质及控股比例,拥有国家或地方政府背景的企业，更容易获得各种优惠政策，同时业务的运营发展也会受益于政府支持，在面临经济的不确定因素时，更容易得到政府救助。且通常持股比例越大，其救助意愿更强。 各档位释义如下：{1-企业性质为中央企业或国家级国有企业，企业性质为省级地方国有企业、市级地方国有企业、和其他国有企业，且实际控制人持股比例大于50%，2-企业性质为省级地方国有企业、市级地方国有企业、和其他国有企业且实际控制人持股比例小于50%；或者企业性质为集体企业、民营企业、无实际控制人、其他，3-数据缺失},,
115,factor_006,融资成本,低频-零售,融资成本,财务,融资能力,2*（EBITDA/EBITDA利息保障倍数）/（本期期末有息债务（亿元）+上期期末有息债务（亿元）),企业债务成本越高，一方面企业承担的还息压力越大，企业面临的财务风险越高，另一方面，融资成本越高，反映了市场对企业信用资质的评价越低。 各档位释义如下：{1-[0，3.5%），2-[3.5%，5%），3-[5%，+），4-数据缺失},,
116,factor_011,应收账款账龄,低频-零售,应收账款账龄,经营,营运能力,应收账款账龄,一年以上的应收账款占比越高，应收账款回收风险越高。 各档位释义如下：{1-[0，0.8%)，2-[0.8%，6%)，3-[6%，12%)，4-[12%，100%]，5-数据缺失},,
117,factor_012,受限货币资金占比,低频-零售,受限货币资金占比,经营,营运能力,受限货币资金（亿元）/货币资金（亿元）,受限货币资金占比越高，企业能使用的资金额度越小，企业的付现能力越差。 各档位释义如下：{1-[0，5%)，2-[5%，35%)，3-[35%，100%]，4-数据缺失},,
118,factor_071,市场地位,低频-零售,市场地位,经营,竞争实力,企业在行业中的市场地位,市场地位越高，企业竞争实力越强，企业抵抗市场风险的能力越强。各档位释义如下：{1-市场地位很高，2-市场地位一般，3-无描述或者市场地位较低，4-数据缺失},,
119,factor_087,客户需求情况,低频-零售,客户需求情况,经营,营运能力,零售敞口：企业主要区域内居民人均可支配收入；批发敞口：客户集中度,区域居民人均可支配收入水平越高，购买力越强，对于零售行业发展越有利；区域居民人均可支配收入水平越低，对于零售行业发展越不利;客户集中度越高，批发企业面临的经营风险越高；客户集中度越低，批发企业面临的经营风险越低。各档位释义如下：{1-[50000，)，2-[42000，50000)，3-[0，42000)，4-数据缺失},,
120,Growth2,营业利润同比增长率,低频-零售,营业利润同比增长率,财务,盈利能力,[(营业利润-上期营业利润)/上期营业利润+(上期营业利润-上上期营业利润)/上上期营业利润]/2,反映营业利润变动趋势，指标值为正则反映营业利润呈增长趋势,数值,%
121,Leverage7,(货币资金+交易性金融资产)/短期有息债务,低频-零售,(货币资金+交易性金融资产)/短期有息债务,财务,偿债能力,(货币资金+交易性金融资产)/短期有息债务,货币资金和交易性金融资产能否覆盖短期有息债务，占比越大说明公司资金链充足，短期偿债能力越强,数值,%
122,Operation2,净营业周期,低频-零售,净营业周期,财务,营运能力,360*(期初存货+存货)/减:营业成本/2+360*(期初应收账款+应收账款)/营业收入/2-360*(期初应付账款+应付账款)/减:营业成本/2,净营业周期是指从购买存货支付现金到收回现金的周期长度，周期越短，资金周转速度越快,天,天
123,Profitability6,营业毛利率,低频-零售,营业毛利率,财务,盈利能力,(营业收入-减:营业成本)/营业收入,营业毛利率是指毛利润与营业收入的比率，反映了企业的盈利能力，值越大，盈利能力越强,数值,%
124,Size3,归属于母公司股东的权益,低频-零售,归属于母公司股东的权益,财务,规模水平,归属于母公司股东权益合计,归母公司股东权益越大，企业规模越大,元,亿元
125,factor_001,股权结构,低频-消费品制造,股权结构,经营,外部支持,实际控制人的性质及控股比例,拥有国家或地方政府背景的企业，更容易获得各种优惠政策，同时业务的运营发展也会受益于政府支持，在面临经济的不确定因素时，更容易得到政府救助。且通常持股比例越大，其救助意愿更强。 各档位释义如下：{1-央企；国家级国有企业；省直辖市级地方国有企业且实际控制人持股比例大于等于50%；，2-省级地方国有企业且持股比例小于50%；市级地方国有企业且持股比例大于等于50%；，3-其他国企、企业性质为集体企业、民营企业、无实际控制人、其他情况；，4-数据缺失},,
126,factor_002,受限资产占比,低频-消费品制造,受限资产占比,经营,营运能力,受限资产合计（亿元）/资产总额（亿元）,受限资产占比越高，企业未来通过抵质押贷款的空间越小。,数值,%
127,factor_006,融资成本,低频-消费品制造,融资成本,财务,融资能力,2*（EBITDA/EBITDA利息保障倍数）/（本期期末有息债务（亿元）+上期期末有息债务（亿元）),企业债务成本越高，一方面企业承担的还息压力越大，企业面临的财务风险越高，另一方面，融资成本越高，反映了市场对企业信用资质的评价越低。 各档位释义如下：{1-(-，4%），2-[4%， 5%），3-[5%，+)，4-数据缺失},,
128,factor_010,应收账款集中度,低频-消费品制造,应收账款集中度,经营,营运能力,应收账款集中度,应收账款占比越大，应收账款前五大占比越大，则更容易受单一客户应收账款的影响，风险更大。 各档位释义如下：{1-[0， 15%)，2-[15%， 30%)，3-[30%， 45%)，4-[45%， 100%]，5-数据缺失},,
129,factor_071,市场地位,低频-消费品制造,市场地位,经营,竞争实力,企业在行业中的市场地位,市场地位越高，企业竞争实力越强，企业抵抗市场风险的能力越强。各档位释义如下：{1-市场地位很高，2-市场地位一般，3-无描述或者市场地位较低，4-数据缺失},,
130,Leverage18,有息债务/EBITDA,低频-消费品制造,有息债务/EBITDA,财务,偿债能力,有息债务/EBITDA,有息债务/EBITDA,数值,%
131,Leverage9,经营活动产生的现金流量净额/短期有息债务,低频-消费品制造,经营活动产生的现金流量净额/短期有息债务,财务,偿债能力,经营活动产生的现金流量净额/短期有息债务,经营活动产生的现金流量净额/短期有息债务从现金流的角度反应了短期偿债能力，比值越大，偿债能力越强,数值,%
132,Operation1,营业周期,低频-消费品制造,营业周期,财务,营运能力,360*(期初存货+存货)/减:营业成本/2+360*(期初应收账款+应收账款)/营业收入/2,360*(期初存货+存货)/减:营业成本/2+360*(期初应收账款+应收账款)/营业收入/2,天,天
133,Profitability6,营业毛利率,低频-消费品制造,营业毛利率,财务,盈利能力,(营业收入-减:营业成本)/营业收入,营业毛利率是指毛利润与营业收入的比率，反映了企业的盈利能力，值越大，盈利能力越强,数值,%
134,Size1,资产总额,低频-消费品制造,资产总额,财务,规模水平,资产总计,资产总计,元,亿元
135,factor_001,股权结构,低频-医药制造,股权结构,经营,外部支持,实际控制人的性质及控股比例,拥有国家或地方政府背景的企业，更容易获得各种优惠政策，同时业务的运营发展也会受益于政府支持，在面临经济的不确定因素时，更容易得到政府救助。且通常持股比例越大，其救助意愿更强。 各档位释义如下：{1-央企或国资委控股企业，省级国资委、市级国资委、或其他地区国资委控股，2-集体企业或民营企业或无实际控制人或其他，3-数据缺失},,
136,factor_029,竞争程度,低频-医药制造,竞争程度,经营,外部环境,企业所在建筑业细分领域的竞争程度,专业性程度越高的行业竞争程度越低，企业的运营环境越好。 各档位释义如下：{1-化学药品制剂制造、生物药品制造，2-中成药生产(包括中药配方颗粒)、卫生材料及医药用品制造，3-化学药品原料药制造、中药饮片加工(不包括中药配方颗粒)、兽用药品制造或其他，4-数据缺失},,
137,factor_071,市场地位,低频-医药制造,市场地位,经营,竞争实力,企业在行业中的市场地位,市场地位越高，企业竞争实力越强，企业抵抗市场风险的能力越强。各档位释义如下：{1-主导产品营业收入：[35亿元，+)，2-主导产品营业收入：[20亿元，35亿元)，3-主导产品营业收入：[10亿元，20亿元)，4-主导产品营业收入：(-，10亿元)，5-数据缺失},,
138,factor_091,原材料供应状况,低频-医药制造,原材料供应状况,经营,营运能力,原材料供应的集中程度,原材料供应的集中度越高，企业面临的原材料供应短缺的风险越高。各档位释义如下：{1-[0%，15%)，2-[15%，22%)，3-[22%，30%)，4-[30%，+)，5-数据缺失},,
139,Leverage10,非筹资活动产生的现金流量净额/短期有息债务,低频-医药制造,非筹资活动产生的现金流量净额/短期有息债务,财务,偿债能力,非筹资活动产生的现金流量净额/短期有息债务,非筹资活动产生的现金流量净额/短期有息债务反映了公司的非筹资活动产生的现金流量净额对于公司短期有息债务的偿还能力所具有的保障水平，该数值越高，说明公司的短期偿债能力越强,数值,%
140,Operation1,营业周期,低频-医药制造,营业周期,财务,营运能力,360*(期初存货+存货)/减:营业成本/2+360*(期初应收账款+应收账款)/营业收入/2,360*(期初存货+存货)/减:营业成本/2+360*(期初应收账款+应收账款)/营业收入/2,天,天
141,Operation10,固定资产周转率,低频-医药制造,固定资产周转率,财务,营运能力,营业收入*2/(期初固定资产+固定资产),固定资产周转率反映公司对固定资产的利用效率，该指标越高，说明公司的固定资产利用效率越高,数值,%
142,Size2,所有者权益,低频-医药制造,所有者权益,财务,规模水平,股东权益合计,所有者权益，值越大，抗风险能力越强,元,亿元
143,Structure19,短期有息债务/有息债务,低频-医药制造,短期有息债务/有息债务,财务,资本结构,短期有息债务/有息债务,短期有息债务/有息债务,数值,%
144,factor_001,股权结构,低频-一般工商通用,股权结构,经营,外部支持,实际控制人的性质及控股比例,拥有国家或地方政府背景的企业，更容易获得各种优惠政策，同时业务的运营发展也会受益于政府支持，在面临经济的不确定因素时，更容易得到政府救助。且通常持股比例越大，其救助意愿更强。 各档位释义如下：{1-央企，国家级国有企业且控股比例大于或等于50%；，2-国家级国有企业控股比例小于50%；省级地方国有企业、市级地方国有企业且实际控制人持股比例大于50%，3-省级地方国有企业、市级地方国有企业且实际控制人持股比例小于50%；企业性质为其他地方国有企业，4-企业性质为集体企业、民营企业、无实际控制人、其他，5-数据缺失},,
145,factor_002,受限资产占比,低频-一般工商通用,受限资产占比,经营,营运能力,受限资产合计（亿元）/资产总额（亿元）,受限资产占比越高，企业未来通过抵质押贷款的空间越小。,数值,%
146,factor_003,长期信用借款占比,低频-一般工商通用,长期信用借款占比,经营,资本结构,长期信用借款（亿元）/长期借款（亿元）,长期信用借款占比越高说明银行对企业的信用资质的信心越高，企业的信用风险越低。,数值,%
147,factor_007,审计机构资质,低频-一般工商通用,审计机构资质,经营,风险管理,审计机构的资质情况,审计机构的资质在一定程度上反映企业财务报告的质量，审计机构资质越好，财报的信息质量越高。 各档位释义如下：{1-审计机构为四大会计师事务所(安永、德勤、普华永道、毕马威)，2-审计机构排名为国内前10的会计师事务所(四大会计师事务所除外)，3-审计机构排名为国内11-20的会计师事务所，4-审计机构为其他会计师事务所，5-数据缺失},,
148,factor_008,对外担保占比,低频-一般工商通用,对外担保占比,经营,营运能力,对外担保额（亿元）/所有者权益（亿元）,对外担保占比越高，企业的或有负债程度越高，企业风险越大。 各档位释义如下：{1-0%，2-(0%，5%)，3-(-，0%)U[5%，+)，4-数据缺失},,
149,factor_009,应收账款坏账准备率,低频-一般工商通用,应收账款坏账准备率,经营,营运能力,应收账款坏账准备合计(亿元)/应收账款账面余额（亿元）,坏账准备金率反映企业应收账款的整体坏账程度。 各档位释义如下：{1-[0%， 5%)，2-[5%， 12%)，3-[12%，100%]，4-数据缺失},,
150,factor_011,应收账款账龄,低频-一般工商通用,应收账款账龄,经营,营运能力,应收账款账龄,一年以上的应收账款占比越高，应收账款回收风险越高。 各档位释义如下：{1-[0%，10%)，2-[10%，30%)，3-[30%，100%]，4-数据缺失},,
151,factor_071,市场地位,低频-一般工商通用,市场地位,经营,竞争实力,企业在行业中的市场地位,市场地位越高，企业竞争实力越强，企业抵抗市场风险的能力越强。各档位释义如下：{1-市场地位很高，2-市场地位一般，3-无描述或者市场地位较低，4-数据缺失},,
152,Size2,所有者权益,低频-一般工商通用,所有者权益,财务,规模水平,股东权益合计,所有者权益，值越大，抗风险能力越强,元,亿元
153,Leverage18,有息债务/EBITDA,低频-一般工商通用,有息债务/EBITDA,财务,偿债能力,有息债务/EBITDA,有息债务/EBITDA,数值,%
154,Leverage9,经营活动产生的现金流量净额/短期有息债务,低频-一般工商通用,经营活动产生的现金流量净额/短期有息债务,财务,偿债能力,经营活动产生的现金流量净额/短期有息债务,经营活动产生的现金流量净额/短期有息债务从现金流的角度反应了短期偿债能力，比值越大，偿债能力越强,数值,%
155,Operation1,营业周期,低频-一般工商通用,营业周期,财务,营运能力,360*(期初存货+存货)/减:营业成本/2+360*(期初应收账款+应收账款)/营业收入/2,360*(期初存货+存货)/减:营业成本/2+360*(期初应收账款+应收账款)/营业收入/2,天,天
156,Profitability3,净资产收益率,低频-一般工商通用,净资产收益率,财务,盈利能力,净利润*2/(期初股东权益合计+股东权益合计),净资产收益率是指净利润与净资产的比率，它反映每1元净资产创造的净利润，值越大，盈利能力越强,数值,%
157,Structure2,有息债务/(有息债务+所有者权益),低频-一般工商通用,有息债务/(有息债务+所有者权益),财务,资本结构,有息债务/(有息债务+所有者权益),比值越大说明财务杠杆风险越大,数值,%
158,factor_001,股权结构,低频-煤炭,股权结构,经营,外部支持,实际控制人的性质及控股比例,拥有国家或地方政府背景的企业，更容易获得各种优惠政策，同时业务的运营发展也会受益于政府支持，在面临经济的不确定因素时，更容易得到政府救助。且通常持股比例越大，其救助意愿更强。 各档位释义如下：{1-企业性质为中央企业、国家级国有企业，2-企业性质为省级地方国有企业且实际控制人持股比例大于等于50%，3-企业性质为省级地方国有企业且实际控制人持股比例小于50%，企业性质为市级地方国有企业，企业性质为无实际控制人(股东背景为市级及以上国资背景)，4-企业性质为其他国有企业、民营企业、集体企业、其他，或企业性质为无实际控制人(股东背景为市级以下国资或非国资)，5-数据缺失},,
159,factor_003,长期信用借款占比,低频-煤炭,长期信用借款占比,经营,资本结构,长期信用借款（亿元）/长期借款（亿元）,长期信用借款占比越高说明银行对企业的信用资质的信心越高，企业的信用风险越低。,数值,%
160,factor_058,产量,低频-煤炭,产量,经营,营运能力,年产量,衡量企业生产规模的重要指标，同等条件下，规模大的企业通常能取得一定的规模效益。 各档位释义如下：{1-产量非常高：[8500，+)万吨，2-产量较高：[3500，8500)万吨，3-产量一般：[1200，3500)万吨，4-产量较低：[0，1200万吨)万吨，5-数据缺失},,
161,factor_060,可采储量,低频-煤炭,可采储量,经营,营运能力,可采储量,不仅反映了企业的资源储存情况和实际生产限额，更体现了企业所掌握的资源价值。可采储量越大，说明企业所拥有的资源越丰富，资源的价值越大，企业的风险水平也就越低。各档位释义如下：{1-储量非常丰富：[80，+)亿吨，2-储量较为丰富：[40，80)亿吨，3-储量较为一般：[4，40)亿吨，4-储量较为贫乏：[0，4)亿吨，5-数据缺失},,
162,factor_068,产地多元化,低频-煤炭,产地多元化,经营,营运能力,产地分布区域是否广泛度,产地分布区域广泛的企业面临不同的区域因素，通常煤种比较齐全，能够缓解某一特定区域因素变化或者某一煤种市场行情大幅波动对企业经营业绩的影响；在一定程度上规避因单一区域发生安全生产事故造成企业停产整顿而对企业生产经营产生的风险。 各档位释义如下：{1-产地在国内分布区域不少于4个省或直辖市，在国外也有，2-产地在国内分布区域不少于4个省或直辖市，在国外没有；或产地在国内分布区域在2-3个省或直辖市，在国外也有，3-产地在国内分布区域在2-3个省或直辖市，在国外没有；或产地在国内分布区域在1个省或直辖市，在国外也有，4-产地在国内分布区域在1个省或直辖市，在国外没有；产地都在国外，5-数据缺失},,
163,Leverage5,经营活动产生的现金流量净额/流动负债,低频-煤炭,经营活动产生的现金流量净额/流动负债,财务,偿债能力,经营活动产生的现金流量净额/流动负债合计,经营活动产生的现金流量净额/流动负债是经营现金净流量与流动负债的比率，从现金流量角度反映企业当期偿付短期负债的能力,数值,%
164,Operation4,应收账款周转率,低频-煤炭,应收账款周转率,财务,营运能力,营业收入*2/(期初应收账款+应收账款),应收账款周转率是一定时期内应收账款转为现金的平均次数，该指标越高，说明账款回收越快；反之，说明营运资金过多呆滞在应收账款上，影响正常资金周转及偿债能力,数值,%
165,Profitability7,营业利润率,低频-煤炭,营业利润率,财务,盈利能力,净利润*2/(期初股东权益合计+股东权益合计),营业利润率是指营业利润与收入的比率，反映了企业的盈利能力，值越大，盈利能力越强,数值,%
166,Size2,所有者权益,低频-煤炭,所有者权益,财务,规模水平,股东权益合计,所有者权益，值越大，抗风险能力越强,元,亿元
167,Structure19,短期有息债务/有息债务,低频-煤炭,短期有息债务/有息债务,财务,资本结构,短期有息债务/有息债务,短期有息债务/有息债务,数值,%
168,factor_001,股权结构,低频-钢铁,股权结构,经营,外部支持,实际控制人的性质及控股比例,拥有国家或地方政府背景的企业，更容易获得各种优惠政策，同时业务的运营发展也会受益于政府支持，在面临经济的不确定因素时，更容易得到政府救助。且通常持股比例越大，其救助意愿更强。 各档位释义如下：{1-企业性质为中央企业、国家级国有企业，2-企业性质为省级地方国有企业、市级地方国有企业，3-企业性质为其他国有企业，企业性质为无实际控制人(股东背景为国资背景)，企业性质为民营企业且实际控制人持股比例大于等于50%，4-企业性质为集体企业、其他，企业性质为民营企业且实际控制人持股比例小于50%，或企业性质为无实际控制人(股东背景为非国资)，5-数据缺失},,
169,factor_008,对外担保占比,低频-钢铁,对外担保占比,经营,营运能力,对外担保额（亿元）/所有者权益（亿元）,对外担保占比越高，企业的或有负债程度越高，企业风险越大。 各档位释义如下：{1-[0%，0.1%)，2-[0.1%，5%)，3-[5%，15%)，4-[15%，+)或(-，0%)，5-数据缺失},,
170,factor_012,受限货币资金占比,低频-钢铁,受限货币资金占比,经营,营运能力,受限货币资金（亿元）/货币资金（亿元）,受限货币资金占比越高，企业能使用的资金额度越小，企业的付现能力越差。 各档位释义如下：{1-[0%，5%)，2-[5%，20%)，3-[20%，50%)，4-[50%，100%]，5-数据缺失},,
171,factor_071,市场地位,低频-钢铁,市场地位,经营,竞争实力,企业在行业中的市场地位,市场地位越高，企业竞争实力越强，企业抵抗市场风险的能力越强。各档位释义如下：{1-市场地位很高，2-市场地位一般，3-市场地位较低，4-无描述或者市场地位特别低，5-数据缺失},,
172,factor_582,利润波动情况,低频-钢铁,利润波动情况,财务,盈利能力,营业利润波动情况、利润总额波动情况、净利润波动情况,从营业利润、利润总额和净利润三个维度考察发行人近三年的利润波动情况，利润多年为正，风险越小。各档位释义如下：{1-利润连续两年及以上为正，2-利润连续一年为正或为负，3-利润连续两年为负，4-利润连续三年为负，5-数据缺失},,
173,factor_660,产量,低频-钢铁,产量,经营,营运能力,生铁、粗钢、钢材、钢坯产量加总,衡量企业生产规模的重要指标，同等条件下，规模大的企业通常能取得一定的规模效益。 各档位释义如下：{1-[2500，+)，2-[1000，2500)，3-[500，1000)，4-(-，500)，5-数据缺失},,
174,Growth5,归属于母公司股东的净利率同比增长率,低频-钢铁,归属于母公司股东的净利率同比增长率,财务,盈利能力,[(归属于母公司股东的净利润-上期归属于母公司股东的净利润)/上期归属于母公司股东的净利润+(上期归属于母公司股东的净利润-上上期归属于母公司股东的净利润)/上上期归属于母公司股东的净利润]/2,反应企业盈利能力变化情况，比率为正且值越大反应企业盈利能力增强。,数值,%
175,Leverage24,负债合计/筹资活动前产生的现金流量净额,低频-钢铁,负债合计/筹资活动前产生的现金流量净额,财务,偿债能力,负债合计/筹资活动前产生的现金流量净额,反映了公司的筹资活动前产生的现金流量净额对于公司负债的偿还能力所具有的保障水平，该数值越低，说明公司的偿债能力越强,数值,%
176,Operation13,销售获现比率,低频-钢铁,销售获现比率,财务,营运能力,销售商品、提供劳务收到的现金/营业收入,销售获现比率反映企业从主营业务收入中获得现金的能力,数值,%
177,Profitability10,EBITDA/营业收入,低频-钢铁,EBITDA/营业收入,财务,盈利能力,EBITDA/营业收入,EBITDA/营业收入,数值,%
178,Size3,归属于母公司股东的权益,低频-钢铁,归属于母公司股东的权益,财务,规模水平,归属于母公司股东权益合计,归母公司股东权益越大，企业规模越大,元,亿元
179,Structure1,资产负债率,低频-钢铁,资产负债率,财务,资本结构,负债合计/资产总计,负债合计/资产总额 反应了企业的负债水平，值越大，负债水平越高,数值,%
180,factor_001,股权结构,低频-银行,股权结构,经营,外部支持,实际控制人的性质及控股比例,拥有国家或地方政府背景的企业，更容易获得各种优惠政策，同时业务的运营发展也会受益于政府支持，在面临经济的不确定因素时，更容易得到政府救助。且通常持股比例越大，其救助意愿更强。 各档位释义如下：{1-央企或国务院国资委控股的银行；，2-省级（包括直辖市）地方政府财政厅或国资委控股银行、外资银行；，3-各省会城市和计划单列市地方政府财政厅或国资委控股银行；，4-市级或县级地方政府财政厅或国资委控股银行；，5-民营企业或个人控股银行、其他；，6-数据缺失},,
181,factor_426,不良贷款率,低频-银行,不良贷款率,经营,风险管理,不良贷款余额/贷款余额,直接衡量银行贷款的资产质量，不良贷款率越低，银行贷款的资产质量越好，面对的信用风险越小。 各档位释义如下：{1-(-，1%)，2-[1%，1.5%)，3-[1.5%，2%)，4-[2%，2.5%)，5-[2.5%，+)，6-数据缺失},,
182,factor_450,资本充足率,低频-银行,资本充足率,经营,风险管理,资本充足率,是一个银行的资本总额对其风险加权资产的比率，各国金融管理当局一般都有对商业银行资本充足率的管制，目的是监测银行抵御风险的能力。 各档位释义如下：{1-[15.5%，+)，2-[14%，15.5%)，3-[12.5%，14%)，4-(-，12.5%)，5-数据缺失},,
183,factor_614,区域经济实力,低频-银行,区域经济实力,经营,外部支持,总部所在省份经济实力,总部所在省份的经济实力越强，政府对该银行的支持能力越强。各档位释义如下：{1-北京、上海、江苏、浙江、广东、香港、澳门，2-除1，3档位以外的其他地区，3-天津、内蒙古、宁夏、甘肃、青海、新疆、西藏、贵州、云南、黑龙江、吉林、辽宁，4-数据缺失},,
184,factor_617,上市情况,低频-银行,上市情况,经营,外部支持,是否上市 ,商业银行上市表明其具有更强的融资能力。 各档位释义如下：{1-上市，2-非上市，3-数据缺失},,
185,factor_619,银行类别,低频-银行,银行类别,经营,竞争实力,银监会银行分类,银监会商业银行分类中不同类型的银行应对风险的能力不同，国有商业银行、股份制商业银行、城市商业银行、农村商业银行的风险管理水平依次下降。 各档位释义如下：{1-国有商业银行，政策性银行，2-股份制商业银行，邮储银行，外资银行，3-城市商业银行，4-农村商业银行、农信社、民营银行，5-数据缺失},,
186,factor_623,核心一级资本净额,低频-银行,核心一级资本净额,经营,企业规模,核心一级资本-核心一级资本扣减项,商业银行的核心一级资本净额直接反映其抵御风险的能力，核心一级资本净额越高，其风险承受能力越强。,元,亿元
187,zs_Bank_Leverage1,银行_资产负债率,低频-银行,银行_资产负债率,财务,资本结构,负债合计 / 资产总计,体现银行杠杆水平，比值越高反映杠杆风险越大,数值,%
188,zs_Bank_Liquidity4,银行_存贷款比率,低频-银行,银行_存贷款比率,财务,资本结构,发放贷款和垫款/吸收存款,发放贷款及垫款/吸收存款,数值,%
189,zs_Bank_Profitability11,银行_资产减值损失收入比,低频-银行,银行_资产减值损失收入比,财务,盈利能力,减:资产减值损失/(利息净收入+手续费及佣金净收入+其他业务收入-其他业务成本),指标值越小，反映公司资产减值损失控制越好,数值,%
190,zs_Bank_Profitability2,银行_成本收入比率,低频-银行,银行_成本收入比率,财务,盈利能力,业务及管理费/营业收入,指标值越小，反映公司业务成本控制越好,数值,%
191,zs_Bank_Profitability4,银行_总资产收益率,低频-银行,银行_总资产收益率,财务,盈利能力,2*净利润/(资产总计+上期资产总计),反映银行盈利能力，指标值越大体现银行获利能力越强,数值,%
192,zs_Bank_Size1,银行_资产总额,低频-银行,银行_资产总额,财务,规模水平,资产总计,指标值越大反映银行资产规模越大,元,亿元
193,factor_039,代理买卖证券业务净收入排名,低频-证券公司,代理买卖证券业务净收入排名,经营,竞争实力,代理买卖证券业务净收入排名,代理买卖证券业务净收入排名反应了经纪业务的市场地位，排名越前，经纪业务市场地位越高。各档位释义如下：{1-排名在前19名的，2-排名在20到39名，3-排名在40到59名，4-排名在60到79名，5-排名在80名以后，6-数据缺失},,
194,factor_044,投资银行业务净收入排名,低频-证券公司,投资银行业务净收入排名,经营,竞争实力,投资银行业务净收入排名,投资银行业务净收入排名反应了投行业务规模，排名越前，规模越大。各档位释义如下：{1-排名在前19名的，2-排名在20到39名，3-排名在40到59名，4-排名在60到79名，5-排名在80名以后，6-数据缺失},,
195,factor_047,资产管理业务净收入排名,低频-证券公司,资产管理业务净收入排名,经营,竞争实力,资产管理业务净收入排名,资产管理业务净收入排名反应了资管业务的规模，排名越前，规模越大。各档位释义如下：{1-排名在前19名的，2-排名在20到39名，3-排名在40到59名，4-排名在60到79名，5-排名在80名以后，6-数据缺失},,
196,factor_050,投资收益排名,低频-证券公司,投资收益排名,经营,竞争实力,自营业务投资收益排名,投资收益排名反应了自营业务的投资实力，排名越前，投资实力越强。各档位释义如下：{1-排名在前19名的，2-排名在20到39名，3-排名在40到59名，4-排名在60到79名，5-排名在80名以后，6-数据缺失},,
197,factor_054,证监会分类结果,低频-证券公司,证监会分类结果,经营,风险管理,证监会分类结果是证券监管部门根据审慎监管的需要，以证券公司风险管理能力为基础，结合公司市场竞争力和合规管理水平，对证券公司进行的综合性评价。,证监会分类结果综合反应了券商风险管理能力，评级结果越好，风险管理能力越强。各档位释义如下：{1-AAA、AA，2-A，3-BBB，4-BB、B，5-CCC、CC、C、D、E，6-数据缺失},,
198,factor_056,主要股东背景,低频-证券公司,主要股东背景,经营,外部支持,主要股东性质与持股比例,拥有国家或地方政府背景的企业，更容易获得各种优惠政策，同时业务的运营发展也会受益于政府支持，在面临经济的不确定因素时，更容易得到政府救助。且通常持股比例越大，其救助意愿更强。 各档位释义如下：{1-央企或国资委控股企业，2-省直辖市、其他地方国资委控股，或无实际控制人，3-民营企业、其他，4-数据缺失},,
199,Secu_Growth7,券商_净利润增长率,低频-证券公司,券商_净利润增长率,财务,盈利能力,((当期净利润-上期净利润)/上期净利润+(上期净利润-上上期净利润)/上上期净利润)/2,反映券商盈利能力成长情况，指标值为正且越大反映券商的净利润呈增长趋势且趋势越大,数值,%
200,Secu_Leverage3,券商_现金等价物/短期债务,低频-证券公司,券商_现金等价物/短期债务,财务,偿债能力,(货币资金-客户存款+拆出资金+融出资金+交易性金融资产合计)/(短期借款+衍生金融负债+交易性金融负债合计+拆入资金+卖出回购金融资产+应付短期融资款 ),反映券商短期偿债能力，指标值越大反映券商短期偿债能力越强,数值,%
201,Secu_Profitability2,券商_净资产收益率,低频-证券公司,券商_净资产收益率,财务,盈利能力,净利润/(期初净资产+期末净资产)*2,反映券商股东权益的收益水平，用以衡量公司运用自有资本的效率，指标值越大反映企业通过自有资本获得净收益的能力越强,数值,%
202,Secu_Regulatory03,券商_净资本/负债,低频-证券公司,券商_净资本/负债,财务,资本结构,净资本/负债,值越大，债务压力越小,数值,%
203,Secu_Size010,券商_净资本,低频-证券公司,券商_净资本,财务,规模水平,净资本,净资本值越大，抗风险能力越强,元,亿元
204,factor_721,认可资产负债率,低频-保险,认可资产负债率,经营,资本结构,认可负债（亿元）/认可资产（亿元）,认可资产负债率是保险公司在偿付能力体系下的举债经营比率。,数值,%
205,factor_724,风险综合评价,低频-保险,风险综合评价,经营,风险管理,银保监协会根据相关信息，从操作风险、战略风险、声誉风险和流动性风险共四类难以量化的固有风险，结合综合偿付能力充足率进行分类监管的评价。,风险综合评价体现监管对保险公司偿付能力风险的整体状况的认可程度，包括资本充足状况和其他偿付能力风险状况。 各档位释义如下：{1-保险集团均为1档；产险/寿险公司：A，2-产险/寿险公司：B，3-产险/寿险公司：C、D，4-数据缺失},,
206,factor_725,市场占有率,低频-保险,市场占有率,经营,竞争实力,保费业务收入（亿元）/所在行业原保费收入（亿元）,保险公司在其子行业的市场份额越大，其市场地位越高。,数值,%
207,factor_726,险种类别,低频-保险,险种类别,经营,营运能力,产险公司：企业产险，机动车辆保险，货物运输保险责任保险，工程保险，信用保险，农业保险，短期意健险，船舶险，家庭财产保险,保险险种的个数越多，产品多样化越高，公司竞争能力、经营实力越强。 各档位释义如下：{1-保险集团均为1档；产险公司：8种及以上；寿险公司：7种及以上。，2-产险公司：7种；寿险公司：5、6种。，3-产险公司：5、6种；寿险公司：4种。，4-产险公司：4种及以下；寿险公司：3种及以下。，5-数据缺失},,
208,Insurance_Solvency2,核心偿付能力充足率,低频-保险,核心偿付能力充足率,经营,偿债能力,寿险公司：个人人寿保险，团体人寿保险，分红险，投资连结险，万能险，意外伤害险，健康险，年金,偿付能力充足率越高，说明一家保险公司的破产概率越低,数值,%
209,Insurance_Solvency3,核心资本,低频-保险,核心资本,经营,企业规模,核心资本,核心资本,元,亿元
210,QualFac13,经营年限,低频-保险,经营年限,经营,营运能力,企业成立至今的年限,企业成立的时间越久，企业累计的行业经验，公司管理运营经验越丰富，公司经营风险相对越低。 各档位释义如下：{1-≥16年，2-[13，16年)，3-[10，13年)，4-[5，10年)，5-<5年，6-数据缺失},,
211,Insurance_Growth5,净利润增长率,低频-保险,净利润增长率,财务,盈利能力,（本期净利润-上期净利润）/上期净利润,值越大，说明净利润增长越快，企业发展越好,数值,%
212,Insurance_Leverage3,承保放大倍数,低频-保险,承保放大倍数,财务,营运能力,（保险业务收入-分出保费）/(总债务+所有者权益),承保放大倍数值越大，说明单位资产获得的业务收入越大,倍,倍
213,Insurance_Leverage4,总资本化率,低频-保险,总资本化率,财务,资本结构,总债务/(总债务+所有者权益),值越小，债务压力越小,数值,%
214,Insurance_Profitability1,总资产收益率,低频-保险,总资产收益率,财务,盈利能力,2*本期净利润/（期末总资产余额+期初总资产余额）,总资产报酬率反映每单位资产创造的净利润情况，值越大，说明企业盈利能力越强,数值,%
215,Insurance_Profitability15,综合成本率,低频-保险,综合成本率,财务,盈利能力,综合赔付率+综合费用率,指标值越小，反映公司综合成本控制越好,数值,%
216,Insurance_Profitability3,投资收益率,低频-保险,投资收益率,财务,盈利能力,2*本期投资收益/（本期投资资产+上期投资资产）,保险公司投资收益为一大收益来源，投资收益率越高，企业盈利能力越好,数值,%
217,Insurance_Size3,所有者权益,低频-保险,所有者权益,财务,规模水平,期末所有者权益,期末所有者权益,元,亿元
218,QualFac35,股东背景,低频-信托,股东背景,经营,外部支持,信托公司最大持股比例股东的背景,不同的股东性质对信托公司经营特点具有不同的影响，民营背景股东一般要求较高业绩回报，风险偏好较高，国营或金融机构股东大多风险偏好较低。 各档位释义如下：{1-国有资产监督委员会(北京/上海)，以及全国性国有企业，2-国有资产监督委员会(其他地方省级)、地方国有企业，以及合资企业，3-民营企业或数据缺失},,
219,QualFac41,股权结构稳定性,低频-信托,股权结构稳定性,经营,外部支持,近三年前10大股东名单是否有过变动（股份额度变动不计）,股权结构的稳定有利于公司的持续稳健经营，稳定性由强到弱的顺序依次为：前10大股东名单近三年内没有变动>近三年前10大股东名单有一次变动>近三年前10大股东名单有二次及以上变动。各档位释义如下：{1-前10大股东名单近三年内没有变动，2-近三年前10大股东名单有一次变动，3-近三年前10大股东名单有二次及以上变动或数据缺失},,
220,QualFac49,主动管理型资产占比,低频-信托,主动管理型资产占比,经营,营运能力,(本期期末主动管理型资产（万元）/本期期末信托资产（万元）+上期期末主动管理型资产（万元）/上期期末信托资产（万元）)/2,考虑信托资产中主动管理型资产的占比，比例考察最近连续两年的平均值； 各档位释义如下：{1-[45%，+），2-[25%，45%），3-[10%，25%），4-[0%，10%)或数据缺失},,
221,QualFac52,集合类资产占比（结合运营期考虑）,低频-信托,集合类资产占比,经营,营运能力,考虑信托资产中集合类信托资产的占比在最近连续两年的平均值；结合运营期考虑上述占比,考察结合运营期的集合类信托资产占比情况，运营期越长表明产品运营越稳定，短期内风险较低。各档位释义如下：{1-运营年限：[10，+)；集合类资产占比：[30%，+)，2-运营年限：[10，+)；集合类资产占比：(-，30%)或数据缺失，3-运营年限：(-，10)；集合类资产占比：[30%，+)，4-运营年限：(-，10)；集合类资产占比：(-，30%)或数据缺失},,
222,QualFac53,净资本除各项业务风险资本之和,低频-信托,净资本除各项业务风险资本之和,经营,风险管理,净资本=净资产-各类资产的风险扣除项-或有负债的风险扣除项-中国银行业监督管理委员会认定的其他风险扣除项；,净资本对各项业务风险资本的覆盖程度越高，表明信托公司资本实力更强,数值,%
223,Trust_Size8,手续费及佣金净收入,低频-信托,手续费及佣金净收入,财务,营运能力,手续费及佣金净收入,手续费及佣金净收入规模，值越大，抗风险能力越强,元,
224,Trust_Size3,固有资产平均值,低频-信托,固有资产平均值,财务,营运能力,信托公司的固有资产，包括贷款、信托产品及其他理财产品投资、长期股权投资、证券投资等业务；\\r\\n（本期信托公司固有资产+上期信托公司固有资产）/2；,固有资产规模越大，抗风险能力越强,元,亿元
225,Trust_Growth1,营业收入增长率,低频-信托,营业收入增长率,财务,规模水平,本期营业收入/上期营业收入-1；,营业收入增长率越大，收入规模增长越快,数值,%
226,Trust_Leverage1,资产负债率平均值,低频-信托,资产负债率平均值,财务,资本结构,（本期值+上期值）/2,值越小，债务压力越小,数值,%
227,Trust_AssetQuality1,不良率平均值,低频-信托,不良率平均值,财务,营运能力,信托资产的五级分类后三类资产占比，（本期值+上期值）/2,不良率平均值越大，信托资产不良率越大，业务风险越大,数值,%
228,QualFact1,运营时间,低频-基金,运营时间,经营,营运能力,基金公司运营年限,基金公司运营年限越长，反映基金公司运营成熟度及稳定性越强。各档位释义如下：{1-[16，+)，2-[12，16)，3-[5，12)，4-(-，5)，5-数据缺失},,
229,QualFact2,股东背景,低频-基金,股东背景,经营,外部支持,基金公司股东及持股比例,考虑基金公司最大持股比例股东的背景，股东背景由强到弱的顺序依次为：国有资产监督委员会（北京/上海）、全国性国有企业，以及大型券商>国有资产监督委员会（其他地方省级）、地方国有企业、合资企业、中型券商，以及大型信托公司>民营企业、小型券商，以及中小型信托公司。各档位释义如下：{1-国有资产监督委员会(北京/上海)、全国性国有企业，以及大型券商，2-国有资产监督委员会(其他地方省级)、地方国有企业、合资企业、中型券商，以及大型信托公司，3-民营企业、小型券商，以及中小型信托公司或其他或数据缺失，4-数据缺失},,
230,QualFact3,基金个数,低频-基金,基金个数,经营,营运能力,(本期基金个数+上期基金个数)/2,近两期在管基金平均数。各档位释义如下：{1-[50，+∞)，2-[20，50)，3-[10，20)，4-(-，10)，5-数据缺失},,
231,QualFact5,基金经理平均年限,低频-基金,基金经理平均年限,经营,营运能力,本期平均年限=本期基金经理年限之和/本期基金经理数，计算最近两年的平均值；,平均年限越长，反映基金公司关键人员越稳定。各档位释义如下：{1-[4，+∞)，2-[3，4)，3-[2，3)，4-(-，2)，5-数据缺失},,
232,QuantFact1,所管理基金的资产总值平均值,低频-基金,所管理基金的资产总值平均值,财务,营运能力,(本期所管理基金资产总值（亿元）+上期所管理基金资产总值（亿元）)/2,近两期基金资产总值的平均值,元,亿元
233,QuantFact12,股票持仓时间平均值,低频-基金,股票持仓时间平均值,财务,营运能力,(本期股票持仓时间+上期股票持仓时间)/2,近两期股票持仓时间的算数平均值,天,天
234,QuantFact18,股票基金资产总值平均值,低频-基金,股票基金资产总值平均值,财务,营运能力,股票基金资产总值平均值（亿元）,股票型基金总值平均值,元,亿元
235,QuantFact5,所管理基金资产总值增长率,低频-基金,所管理基金资产总值增长率,财务,规模水平,(本期所管理基金资产总值（亿元）-上期所管理基金资产总值（亿元）)/上期所管理基金资产总值（亿元）,比值为正且值越大反映基金公司基金管理规模有增长趋势。,数值,%
236,QuantFact8,股票和债券基金的资产总值增长率,低频-基金,股票和债券基金的资产总值增长率,财务,规模水平,股票和债券基金资产总值增长率,比值为正且值越大反映基金公司股票及债券基金管理规模有增长趋势。,数值,%
237,QuantFact9,持股市盈率平均值,低频-基金,持股市盈率平均值,财务,营运能力,(本期持股市盈率+上期持股市盈率)/2,反映基金公司的投资质量，值越大反映投资质量越好。,数值,%
238,factor_001,股权结构,低频-融资性担保,股权结构,经营,外部支持,实际控制人的性质及控股比例,拥有国家或地方政府背景的企业，更容易获得各种优惠政策，同时业务的运营发展也会受益于政府支持，在面临经济的不确定因素时，更容易得到政府救助。且通常持股比例越大，其救助意愿更强。 各档位释义如下：{1-央企或国资委控股企业，2-省、市等区域国资委控股50%以上，3-省、市等区域国资委控股50%以下；或非国有A股上市公司控股超过20%；或无实际控制人，但有国资背景，4-非A股上市的非国有企业，5-数据缺失},,
239,factor_004,融资渠道多样性,低频-融资性担保,融资渠道多样性,经营,融资能力,平均值=(本期值+上期值)/2；,企业在通过银行获取资金的同时，若还能通过股票、债券等方式筹集资金，则说明其融资渠道越宽，风险越小。 各档位释义如下：{1-A股、H股、N股等海内外主板上市，2-新三板挂牌，或者有发债，3-未上市(包括新三板)，未发债，4-数据缺失},,
240,factor_135,银行授信总额,低频-融资性担保,银行授信总额,经营,外部支持,担保公司的银行网络,较大的银行授信额度有利于融资担保公司贷款担保业务的拓展，也说明融资担保公司能获得银行认可；与银行达成风险分担机制能够有效减少融资担保公司代偿损失。 各档位释义如下：{1-(600亿，+∞)，2-(300亿，600亿]，3-(150亿，300亿]，4-(-，150亿]，5-数据缺失},,
241,factor_094,净资产收益率,低频-融资性担保,净资产收益率,财务,盈利能力,净利润*2/(期初所有者权益+期末所有者权益）*100%,净资产收益率是指净利润与净资产的比率，它反映每1元净资产创造的净利润，值越大，盈利能力越强,数值,%
242,factor_095,担保业务规模,低频-融资性担保,担保业务规模,经营,营运能力,公司担保业务的责任余额,只有实现一定业务规模，担保机构才能积累基本的风险管理经验，并逐步取得市场认可，提升市场地位，促进业务扩张。,元,亿元
243,factor_096,实收资本规模,低频-融资性担保,实收资本规模,经营,企业规模,投资者作为资本投入企业的各种资产,可以立刻运用来吸收损失的资本金，体现担保机构代偿能力的核心,元,亿元
244,factor_098,担保业务杠杆,低频-融资性担保,担保业务杠杆,经营,营运能力,担保业务杠杆,担保业务杠杆倍数合理，表明担保公司资金运营效率高，能较好地平衡风险和收益,数值,%
245,factor_099,累计代偿损失率,低频-融资性担保,累计代偿损失率,经营,风险管理,累计代偿损失/累计代偿金额,累计代偿损失率，代表了担保公司的追偿能力；代偿损失率越低，公司的追偿能力越强。各档位释义如下：{1-(-，20%]，2-(20%，60%]，3-(60%，80%]，4-(80%，100%]，5-数据缺失},,
246,factor_100,累计担保代偿率,低频-融资性担保,累计担保代偿率,经营,风险管理,累计担保代偿率=累计代偿金额/累计解除担保金额（根据收数情况确定年限口径）,累计担保代偿率，代表了担保公司的风险管理能力。累计担保代偿率越低，表明担保业务的标的筛选能力和风险管理能力越强。 各档位释义如下：{1-(-，0.3%]，2-(0.3%，1.3%]，3-(1.3%，2.5%]，4-(2.5%，+），5-数据缺失},,
247,factor_102,流动资产占比,低频-融资性担保,流动资产占比,财务,资本结构,流动资产（亿元）/总资产（亿元）*100%,流动资产占比，一定程度上衡量担保机构在短期（一年内）内进行代偿能力；,数值,%
248,factor_103,风险准备金覆盖率,低频-融资性担保,风险准备金覆盖率,经营,风险管理,（未到期责任准备+担保赔偿准备+一般风险准备）/当年末在保责任余额*100%,既反映了担保机构对风险的审慎态度，又反映担保机构对担保资金积累的重视程度。 各档位释义如下：{1-(5%，+∞)，2-(3%，5%]，3-(1.5%，3%]，4-[0%，1.5%]，5-数据缺失},,
249,factor_136,新增在保责任余额,低频-融资性担保,新增在保责任余额,经营,营运能力,新增在保责任余额（亿元）,担保业务收入增速越快，表明公司的担保业务越有竞争力,元,亿元
250,factor_125,股权结构_金融,低频-收息企业,股权结构_金融,经营,外部支持,实际控制人的性质及控股比例,拥有国家或地方政府背景的企业，更容易获得各种优惠政策，同时业务的运营发展也会受益于政府支持，在面临经济的不确定因素时，更容易得到政府救助。且通常持股比例越大，其救助意愿更强。 各档位释义如下：{1-国有商业银行、政策性银行、四大资产管理公司，2-央企、全国股份制银行，3-其他银行、保险、券商，4-其他金融机构、国企或世界500强企业，5-民营、外资(非世界500强)、其他或无实际控制人，6-数据缺失},,
251,factor_005,银行授信额度占比,低频-收息企业,银行授信额度占比,经营,营运能力,银行授信总额度（亿元）/所有者权益（亿元）,从相对层面考察银行对企业资质的认可程度，银行授信总额/所有者权益越高，银行对其资质的认可度越大，侧面反映企业资质越优秀。 各档位释义如下：{1-[1800%，+)，2-[1000%，1800%)，3-[500%，1000%)，4-(-，500%)，5-数据缺失},,
252,factor_106,行业地位,低频-收息企业,行业地位,经营,竞争实力,企业在细分领域中的地位（金融租赁、融资租赁、汽车金融、财务公司、小额贷款、AMC）,一方面行业地位越高反映了企业的经营实力越强，信用风险越低；另一方面行业地位越高企业越容易获得相关资源，有利于企业的经营，企业信用风险相对较低。 各档位释义如下：{1-行业龙头，2-行业地位领先，3-行业地位一般，4-数据缺失},,
253,factor_107,放款规模,低频-收息企业,放款规模,经营,营运能力,应收租赁款（亿元）,应收租赁款项越多，企业对租赁方话语权越弱，业务运营能力越弱,元,亿元
254,factor_108,经营年限,低频-收息企业,经营年限,经营,营运能力,企业成立至今的年限,企业成立的时间越久，企业累计的行业经验，公司管理运营经验越丰富，公司经营风险相对越低。 各档位释义如下：{1-(15年，+∞]，2-(8年，15年]，3-(5年，8年]，4-(-，5年]，5-数据缺失},,
255,factor_109,投向行业集中度,低频-收息企业,投向行业集中度,经营,营运能力,租赁业务投向最大单一行业占比,行业集中程度越高，受到单个行业的景气程度以及政策影响的风险越高。 各档位释义如下：{1-行业多元化程度很高，2-行业多元化程度较高，3-行业多元化程度一般，4-行业多元化程度较低，5-数据缺失},,
256,factor_110,投向行业前景,低频-收息企业,投向行业前景,经营,营运能力,企业主要投向行业景气度,行业集中程度越高，受到单个行业的景气程度以及政策影响的风险越高。 各档位释义如下：{1-企业主要投向行业景气度优秀，2-企业主要投向行业景气度一般，3-企业主要投向行业为高风险行业，4-数据缺失},,
257,factor_126,客户集中度_金融,低频-收息企业,客户集中度_金融,经营,营运能力,综合考量前十大客户集中度及单一最大客户集中度的情况,集中度越高，抗风险能力相对较弱。各档位释义如下：{1-集中度极低，2-集中度较低，3-集中度一般，4-集中度高，5-数据缺失},,
258,factor_111,不良资产率,低频-收息企业,不良资产率,经营,风险管理,五级分类后三类的资产合计/贷款总额（不良资产/全部融资租赁资产）,一方面行业地位越高反映了企业的经营实力越强，信用风险越低；另一方面行业地位越高企业越容易获得相关资源，有利于企业的经营，企业信用风险相对较低。 各档位释义如下：{1-(-，0.1%]，2-(0.1%，0.8%]，3-(0.8%，1.5%]，4-(1.5%，+∞)，5-数据缺失},,
259,factor_112,拨备覆盖率,低频-收息企业,拨备覆盖率,经营,风险管理,收息资产损失准备余额/不良收息资产余额*100%,一方面行业地位越高反映了企业的经营实力越强，信用风险越低；另一方面行业地位越高企业越容易获得相关资源，有利于企业的经营，企业信用风险相对较低。 各档位释义如下：{1-[550%，+∞)，2-[250%，550%)，3-[150%，250%)，4-(-，150%)，5-数据缺失},,
260,factor_113,所有者权益,低频-收息企业,所有者权益,财务,规模水平,所有者权益,所有者权益，值越大，抗风险能力越强,元,亿元
261,factor_114,资产负债率,低频-收息企业,资产负债率,财务,资本结构,负债总计/资产总计,资产负债率反映了企业的债务水平，值越大，债务水平越高,数值,%
262,factor_115,营业收入平均增长率,低频-收息企业,营业收入平均增长率,财务,规模水平,((本期营业收入-上期营业收入）/上期营业收入+(上期营业收入-上上期营业收入）/上上期营业收入）/2,净资产收益率是指净利润与净资产的比率，它反映每1元净资产创造的净利润，值越大，盈利能力越强,数值,%
263,factor_116,所有者权益/风险资产,低频-收息企业,所有者权益/风险资产,财务,营运能力,所有者权益/风险资产,资本充足率越高，风险越小,数值,%
264,factor_117,高流动性资产占比,低频-收息企业,高流动性资产占比,财务,资本结构,高流动性资产/资产总计,高流动性资产占比越高，企业资产流动性越强，风险越低,数值,%
265,factor_094,净资产收益率,低频-收息企业,净资产收益率,财务,盈利能力,净利润*2/（本期所有者权益+上期所有者权益）,净资产收益率是指净利润与净资产的比率，它反映每1元净资产创造的净利润，值越大，盈利能力越强,数值,%
266,factor_125,股权结构_金融,低频-股权投资,股权结构_金融,经营,外部支持,控股股东类型,拥有国家或地方政府背景的企业，更容易获得各种优惠政策，同时业务的运营发展也会受益于政府支持，在面临经济的不确定因素时，更容易得到政府救助。且通常持股比例越大，其救助意愿更强。 各档位释义如下：{1-央企、国家级国有企业、中央金融企业，2-发达地区省直辖市及省会城市国资委控股企业，3-其他地区国资委控股企业、自身或控股股东为世界500强企业，4-集体企业、一般(非世界500强)外资或民营企业或无实际控制人等，5-数据缺失},,
267,factor_134,行业地位_股权投资,低频-股权投资,行业地位_股权投资,经营,竞争实力,企业在股权投资相应细分领域中的地位,一方面行业地位越高反映了企业的经营实力越强，信用风险越低；另一方面行业地位越高企业越容易获得相关资源，有利于企业的经营，企业信用风险相对较低。 各档位释义如下：{1-行业龙头，2-行业地位一般，3-行业地位较差，4-数据缺失},,
268,factor_127,管理资产规模（亿元）,低频-股权投资,管理资产规模,经营,营运能力,在投项目规模+管理基金规模,投资规模越大，经营实力越强 各档位释义如下：{1-[1700亿，+∞)，2-[400亿，1700亿)，3-[115亿，400亿)，4-(-，115亿)，5-数据缺失},,
269,factor_128,基金类型,低频-股权投资,基金类型,经营,营运能力,募投资金投向的股权的阶段,不同阶段的股权投资的风险阶段不一致，投资初期企业的风险相对较高。各档位释义如下：{1-主要为私募证券投资基金，2-主要为私募股权投资基金，3-主要为创业投资基金，4-主要为其他私募投资基金，5-数据缺失},,
270,factor_129,投资集中度,低频-股权投资,投资集中度,经营,营运能力,募集基金投向的行业集中度越高,行业集中程度越高，受到单个行业的景气程度以及政策影响的风险越高。 各档位释义如下：{1-行业多元化程度很高，2-行业多元化程度一般，3-行业多元化程度较低，4-数据缺失},,
271,factor_130,资产收益,低频-股权投资,资产收益,财务,盈利能力,企业过去投资项目的收益情况，（资产收益（亿元）+其他综合收益（亿元））/（长期股权投资（亿元）+可供出售金融资产（亿元）+交易性金融资产（亿元））,投资收益衡量企业的盈利能力，投资收益越高，企业的投资能力越好。 各档位释义如下：{1-[16.5%，+∞)，2-[7.5%，16.5%)，3-[2.8%，7.5%)，4-(-∞，2.8%)，5-数据缺失},,
272,factor_120,经营区域范围,低频-股权投资,经营区域范围,经营,营运能力,企业主要的服务范围,企业经营服务的范围越广，企业的规模越大，企业潜在的服务客户越大，客户的信用风险越低。 各档位释义如下：{1-经营区域覆盖全国，2-经营区域覆盖国内部分省份或地区，3-经营区域集中在单一区域，4-数据缺失},,
273,factor_108,经营年限,低频-股权投资,经营年限,经营,营运能力,企业成立至今的年限,企业成立的时间越久，企业累计的行业经验，公司管理运营经验越丰富，公司经营风险相对越低。 各档位释义如下：{1-[18年，+∞)，2-[11年，18年)，3-[6年，11年)，4-[0，6年)，5-数据缺失},,
274,factor_004,融资渠道多样性,低频-股权投资,融资渠道多样性,经营,融资能力,上市发债历史,企业在通过银行获取资金的同时，若还能通过股票、债券等方式筹集资金，则说明其融资渠道越宽，风险越小。 各档位释义如下：{1-上市、有发债历史，2-上市、无发债历史，3-未上市、有发债历史，4-未上市、无发债历史，5-数据缺失},,
275,factor_113,所有者权益,低频-股权投资,所有者权益,财务,规模水平,所有者权益,所有者权益，值越大，抗风险能力越强,元,亿元
276,factor_132,资本化率,低频-股权投资,资本化率,财务,资本结构,有息债务/(有息债务+所有者权益）,有息债务/(有息债务+所有者权益)是指有息债务与投入资本的比率，反映了企业的债务水平，值越大，债务水平越高。各档位释义如下：{1-(-∞，23%)，2-[23%，35%)，3-[35%，50%)，4-[50%，+∞)，5-数据缺失},,
277,factor_094,净资产收益率,低频-股权投资,净资产收益率,财务,盈利能力,净利润*2/(期初股东权益合计+股东权益合计),净资产收益率是指净利润与净资产的比率，它反映每1元净资产创造的净利润，值越大，盈利能力越强,数值,%
278,factor_133,现金比率,低频-股权投资,现金比率,财务,偿债能力,(货币资金+交易性金融资产)/流动负债,现金比率反应了企业的流动性，比值越大，流动性越强,数值,%
279,factor_122,净资产增长率,低频-股权投资,净资产增长率,财务,规模水平,净资产增长率,所有者权益同比增长率指所有者权益增长率，比率越大，所有者权益增长越快,数值,%
280,factor_005,银行授信额度占比,低频-金融通用,银行授信额度占比,经营,营运能力,银行授信总额度/所有者权益,从相对层面考察银行对企业资质的认可程度，银行授信总额/所有者权益越高，银行对其资质的认可度越大，侧面反映企业资质越优秀。 各档位释义如下：{1-[200%，+)，2-[100%，200%)，3-[50%，100%)，4-(-，50%)，5-数据缺失},,
281,factor_108,经营年限,低频-金融通用,经营年限,经营,营运能力,企业成立至今的年限,企业成立的时间越久，企业累计的行业经验，公司管理运营经验越丰富，公司经营风险相对越低。 各档位释义如下：{1-[21，+∞)，2-[11，21)，3-[6，11)，4-(0，6)，5-数据缺失},,
282,factor_113,所有者权益,低频-金融通用,所有者权益,财务,规模水平,所有者权益,所有者权益，值越大，抗风险能力越强,元,亿元
283,factor_114,资产负债率,低频-金融通用,资产负债率,财务,资本结构,负债总计/资产总计,资产负债率反映了企业的债务水平，值越大，债务水平越高,数值,%
284,factor_120,经营区域范围,低频-金融通用,经营区域范围,经营,营运能力,企业主要的服务范围,企业经营服务的范围越广，企业的规模越大，企业潜在的服务客户越大，客户的信用风险越低。 各档位释义如下：{1-经营区域覆盖全国，2-经营区域覆盖国内部分省份或地区，3-经营区域集中在单一区域，4-数据缺失},,
285,factor_121,归属于母公司的所有者权益/所有者权益,低频-金融通用,归属于母公司的所有者权益/所有者权益,财务,资本结构,归属于母公司的所有者权益（亿元）/所有者权益（亿元）,母公司对子公司的控股力度越强，子公司对母公司的收入和利润贡献越有保障，母公司的信用资质越高,数值,%
286,factor_122,净资产增长率,低频-金融通用,净资产增长率,财务,规模水平,（（本期期末所有者权益（亿元）-上期期末所有者权益（亿元））/上期期末所有者权益（亿元）+（上期期末所有者权益（亿元）-上上期期末所有者权益（亿元））/上上期期末所有者权益（亿元））/2,所有者权益同比增长率指所有者权益增长率，比率越大，所有者权益增长越快,数值,%
287,factor_123,总资产收益率,低频-金融通用,总资产收益率,财务,盈利能力,净利润*2/(本期期末资产总计+上期期末资产总计）,净资产收益率是指净利润与资产总计的比率，它反映每1元总资产创造的净利润，值越大，盈利能力越强,数值,%
288,factor_124,流动比率,低频-金融通用,流动比率,财务,偿债能力,流动资产/流动负债,流动比率反应了企业的流动性，比值越大，流动性越强,数值,%
289,factor_125,股权结构_金融,低频-金融通用,股权结构_金融,经营,外部支持,实际控制人的性质及控股比例,拥有国家或地方政府背景的企业，更容易获得各种优惠政策，同时业务的运营发展也会受益于政府支持，在面临经济的不确定因素时，更容易得到政府救助。且通常持股比例越大，其救助意愿更强。 各档位释义如下：{1-央企、国家级国有企业、中央金融企业，2-发达地区省直辖市及省会城市、计划单列市国资委控股企业，3-其他地区国资委控股企业、自身或控股股东为世界500强企业，4-集体企业、一般(非世界500强)外资或民营企业或无实际控制人等，5-数据缺失},,
290,factor_118,金融牌照质量,低频-金融通用,金融牌照质量,经营,竞争实力,金融牌照数量和种类,企业拥有的金融牌照种类越丰富，数量越多，开展业务的能力和服务范围越广，企业的竞争实力越强。 各档位释义如下：{1-旗下控股子公司有三种或以上银行、券商、保险、信托牌照或旗下控股子公司有两种银行、券商、保险、信托牌照且二类牌照数量不少于2个，2-旗下控股子公司有两种银行、券商、保险、信托牌照且二类牌照数量未超过两个或旗下控股子公司有一种银行、券商、保险、信托牌照且二类牌照数量不少于2个，3-旗下控股子公司有银行、券商、保险或信托牌照中的一种且二类牌照数量未超过两个，4-旗下控股子公司无银行、券商、保险或信托牌照，5-数据缺失},,
291,Finance_092,EBITDA债务保障倍数,中频-城投,EBITDA债务保障倍数,财务,偿债能力,EBITDA/有息债务,反映偿债能力，该比值越大，企业偿债能力越强。,倍,倍
292,Leverage13,流动比率3,中频-城投,EBIT利息保障倍数,财务,偿债能力,EBIT/财务费用,利息保障倍数反映企业的获利能力大小，也是衡量企业长期偿债能力大小的重要标志。要维持正常偿债能力，倍数至少应大于1，且比值越高，企业长期偿债能力越强。,倍,倍
293,Leverage2,速动比率,中频-城投,速动比率,财务,偿债能力,(流动资产合计-存货)/流动负债合计,速动比率反映了一个单位能够立即还债的能力和水平，直接反映企业的短期偿债能力。,数值,%
294,zs_factor_29,短期债务利息支付覆盖率,中频-城投,短期债务利息支付覆盖率,财务,偿债能力,货币资金/(短期债务2+分配股利利润或偿付利息支付的货币资金）\\r\\n其中：短期债务2=短期借款+应付票据+一年内到期非流动负债+其他流动负债,覆盖率越高反映企业对短期债务利息的偿还能力越强。,数值,%
295,Specific7,（货币资金+交易性金融资产）/（流动负债合计-预收款项）,中频-城投,（货币资金+交易性金融资产）/（流动负债合计-预收款项）,财务,偿债能力,（货币资金+交易性金融资产）/（流动负债合计-预收款项）,货币资金和交易性金融资产能否覆盖流动负债，占比越大说明公司资金链充足，短期偿债能力越强。,数值,%
296,Operation8,营运资本周转率,中频-城投,营运资本周转率,财务,营运能力,营业收入*2 / [ ( 期初流动资产合计 - 期初流动负债合计) + (流动资产合计 - 流动负债合计)],营运资本周转率表明企业营运资本的经营效率，该指标越高说明企业营运资本的运用效率也就越高，反之则说明运用效率越低。,数值,%
297,factor_186,短期债务利息支出覆盖率,中频-城投,短期债务利息支出覆盖率,财务,偿债能力,（现金+交易性金融资产）/(短期债务2+利息支出）\\r\\n其中：短期债务2=短期借款+应付票据+一年内到期非流动负债+其他流动负债,短期债务利息支出覆盖率越高，企业短期偿债能力越强。,数值,%
298,factor_530,固定投资额占比,中频-城投,固定投资额占比,经营,区域经济,当年固定投资额/地区生产总值,该指标反映了GDP的构成。一方面若固定投资占比过高，则当地经济发展依赖固定投资拉动程度过高，经济发展不稳定；另一方面固定投资占比过低则表明当地经济发展乏力。,数值,%
299,factor_713,固定投资额,中频-城投,固定投资额,经营,区域经济,固定投资额,固定投资可以拉动当地区域的经济发展，固定投资过小，当地经济发展乏力表现，持续稳定的固定投资额能够为当地经济发展提供持续稳健的驱动力。,元,亿元
300,indus_rela_invest_income_year_on_year,行业相对_投资收益同比增长率,中频-城投,投资收益同比增长率_超出行业平均,财务,盈利能力,投资收益同比增长率-投资收益同比增长率敞口中位数\\r\\n其中：投资收益同比增长率=（本期投资收益-上年同期投资收益）/ABS（上年同期投资收益）,反映投资收益增长率相对行业的偏离水平，该指标为正且值越大代表企业投资收益增长率超过行业中等水平。,%,%
301,indus_rela_mom12_current_asset_tot_asset,行业相对_环比流动资产比率(流动资产／总资产),中频-城投,流动资产比率_环比增长率_超出行业平均,财务,资本结构,流动资产比率环比变动率-流动资产比率环比变动率敞口中位数，其中：\\r\\n流动资产比率环比变动率=（最新定报流动资产比率-上年同期定报流动资产比率）/上年同期定报流动资产比率；\\r\\n流动资产比率=流动资产合计/资产合计,反映资产变现能力变化相对行业中等水平的表现，指标值为正且越大说明企业相对行业中等水平，资产变现能力越强。,数值,%
302,indus_rela_mom12_equity_atsopc_tot_invest,行业相对_环比流动资产比率(流动资产／总资产),中频-城投,归属母公司股东的权益／全部投入资本_环比增长率_超出行业平均,财务,资本结构,归属母公司股东的权益／全部投入资本环比变动率-归属母公司股东的权益／全部投入资本环比变动率敞口中位数，其中：\\r\\n归属母公司股东的权益／全部投入资本环比变动率=（最新定报归属母公司股东的权益／全部投入资本-上年同期定报归属母公司股东的权益／全部投入资本）/(上年同期定报归属母公司股东的权益／全部投入资本)；\\r\\n全部投入资本=股东权益（不含少数股东权益）+带息债务,反映企业杠杆水平变动相对行业中等水平的表现，指标值小于0且越小说明企业杠杆风险越大。,数值,%
303,indus_rela_mom12_noncurrent_assets_to_ta,行业相对_环比非流动资产／总资产,中频-城投,非流动资产／总资产_环比增长率_超出行业平均,财务,资本结构,非流动资产／总资产环比变动率-非流动资产／总资产环比变动率敞口中位数，其中：\\r\\n非流动资产／总资产环比变动率=（最新定报非流动资产／总资产-上年同期定报非流动资产／总资产）/（上年同期定报非流动资产／总资产）,反映资产变现能力变化相对行业中等水平的表现，指标值为正且越大说明企业相对行业中等水平，资产变现能力越弱。,数值,%
304,yoy12_dwi_toall_invest_capital,1年同比增长带息债务／全部投入资本,中频-城投,带息债务／全部投入资本_1年同比增长率,财务,偿债能力,（最新定报带息债务／全部投入资本-上年同期定报带息债务／全部投入资本）/（上年同期定报带息债务／全部投入资本）,主要反映带息债务占比的变动率，变动率越大说明债务比重及杠杆风险有增长趋势。,数值,%
305,yoy12_lt_debt_to_oc,1年同比增长长期债务与营运资金比率,中频-城投,长期债务与营运资金比率_1年同比增长率,财务,偿债能力,（最新定报非流动负债合计/营运资金-上年同期定报非流动负债合计/营运资金）/（上年同期定报非流动负债合计/营运资金）,反映长期债务压力的变动，指标值为正且越大说明长期债务压力有增长趋势。,数值,%
306,indus_rela_yoy12_noncurrent_assets_to_ta,行业相对_1年同比增长非流动资产／总资产,中频-城投,非流动资产／总资产_1年同比增长率_超出行业平均,财务,资本结构,非流动资产／总资产1年同比增长率-非流动资产／总资产1年同比增长率敞口中位数，其中：\\r\\n非流动资产／总资产1年同比增长率=（最新定报非流动资产／总资产-上年同期定报非流动资产／总资产）/（上年同期定报非流动资产／总资产）,反映资产变现能力变化相对行业中等水平的表现，指标值为正且越大说明企业相对行业中等水平，资产变现能力越弱。,数值,%
307,yoy13_dwi_toall_invest_capital,2年同比增长带息债务／全部投入资本,中频-城投,带息债务／全部投入资本_2年同比增长率,财务,偿债能力,+/-√[ABS（最新定报带息债务／全部投入资本-上上年同期定报带息债务／全部投入资本）/ABS（上上年同期定报资产减值损失／营业总收入）]\\r\\n其中：全部投入资本=股东权益（不含少数股东权益）+带息债务,主要反映带息债务占比的变动率，变动率为正且越大说明债务比重及杠杆风险有增长趋势。,数值,%
308,value_chg_ni_to_profit,价值变动净收益／利润总额,中频-城投,价值变动净收益／利润总额,财务,盈利能力,旧准则：投资净收益／利润总额\\r\\n新准则：（公允价值变动净收益+投资净收益+汇兑净收益）/利润总额,价值变动净收益是非经营性损益，反映了非经营性损益对利润的贡献程度，比值越高，非经营性损益对利润的贡献程度越高。,%,%
309,yoy13_operating_cycle,2年同比增长营业周期,中频-城投,营业周期_2年同比增长率,财务,营运能力,+/-√[ABS（最新定报营业周期-上上年同期定报营业周期）/ABS(上上年同期定报营业周期)]\\r\\n其中：营业周期=存货周转天数+应收账款周转天数,反映企业对应收账款及存货的管理效率变动情况，变动率越大说明企业对应收账款及存货的回收效率有降低趋势。,数值,%
310,zs_factor_11,吸收投资现金占比,中频-城投,吸收投资现金占比,财务,融资能力,吸收投资收到的货币资金/总资产,反映企业筹资活动获取现金的能力，该指标值越大，说明企业融资能力越强。,数值,%
311,last6Mto12M_news_label_6008001_num,近6个月比近12个月_新闻_标签_问询关注_数量,高频,负面新闻增长率(问询关注类)_近6个月相对12个月,舆情,新闻公告,[(近6个月标签为问询关注的负面新闻总量/6)-(近12个月标签为问询关注的负面新闻总量/12)]/(近12个月标签为问询关注的负面新闻总量/12),反映主体涉及问询关注类负面新闻的数量变化趋势，指标值越大反映主体涉及问询关注类负面新闻有增长趋势,数值,%
312,indus_rela_last6Mto12M_news_label_6002012_meanimportance,行业相对_近6个月比近12个月_新闻_标签_其他财务预警_情感平均值,高频,新闻负面程度增长率_超出行业平均(财务预警类)_近6个月相对12个月,舆情,新闻公告,主体近6个月比近12个月_新闻_标签_其他财务预警_情感平均值-行业内所有主体的近6个月比近12个月_新闻_标签_其他财务预警_情感平均值中位数，其中：近6个月比近12个月_新闻_标签_其他财务预警_情感平均值=(近6个月标签为其他财务预警的负面新闻严重程度平均值-近12个月标签为其他财务预警的负面新闻严重程度平均值)/近12个月标签为其他财务预警的负面新闻严重程度平均值,反映主体涉及其他财务预警类负面新闻的严重程度变化趋势相对行业平均水平的表现，指标值越大反映主体涉及其他财务预警类负面新闻严重程度恶化趋势相较行业平均水平越严重,数值,%
313,last1W_news_count,近1周_新闻_数量,高频,负面新闻量_近1周,舆情,新闻公告,近1周内主体负面新闻的数量统计,值越大反映主体近1周内新增负面新闻越多,条,条
314,indus_rela_last2W_news_count,行业相对_近2周_新闻_数量,高频,负面新闻量_超出行业平均_近2周,舆情,新闻公告,近2周内主体负面新闻的数量统计-行业内所有主体近2周内负面新闻的数量统计中位数,反映主体近2周内新增负面新闻数量相对行业平均水平的表现，指标值越大反映主体近2周新增负面新闻数量相对行业平均水平越多,条,条
315,indus_rela_last1M_news_label_6002001_rate,行业相对_近1个月_新闻_标签_财务亏损_占比,高频,财务亏损类负面新闻占比_超出行业平均_近1个月,舆情,新闻公告,主体近1个月_新闻_标签_财务亏损_占比-行业内所有主体的近1个月_新闻_标签_财务亏损_占比中位数，其中：近1个月_新闻_标签_财务亏损_占比=近1个月标签为财务亏损的负面新闻数量/近1个月所有负面新闻数量,反映主体近1个月内负面新闻中财务亏损类负面新闻占比相对行业平均水平的表现，指标值越大反映主体近1个月涉及财务亏损类负面新闻的比重相对行业平均水平越大,数值,%
316,indus_rela_last6Mto12M_news_label_-1_meanimportance,行业相对_近6个月比近12个月_新闻_标签_其他_情感平均值,高频,新闻负面程度增长率_超出行业平均(其他类)_近6个月相对12个月,舆情,新闻公告,主体近6个月比近12个月_新闻_标签_其他_情感平均值-行业内所有主体的近6个月比近12个月_新闻_标签_其他_情感平均值中位数，其中：近6个月比近12个月_新闻_标签_其他_情感平均值=(近6个月标签为其他的负面新闻严重程度平均值-近12个月标签为其他的负面新闻严重程度平均值)/近12个月标签为其他的负面新闻严重程度平均值,反映主体涉及其他类负面新闻的严重程度变化趋势相对行业平均水平的表现，指标值越大反映主体涉及其他类负面新闻严重程度恶化趋势相较行业平均水平越严重,数值,%
317,indus_rela_last3M_news_label_6002001_rate,行业相对_近3个月_新闻_标签_财务亏损_占比,高频,财务亏损类负面新闻占比_超出行业平均_近3个月,舆情,新闻公告,主体近3个月_新闻_标签_财务亏损_占比-行业内所有主体的近3个月_新闻_标签_财务亏损_占比中位数，其中：近3个月_新闻_标签_财务亏损_占比=近3个月标签为财务亏损的负面新闻数量/近3个月所有负面新闻数量,反映主体近3个月内负面新闻中财务亏损类负面新闻占比相对行业平均水平的表现，指标值越大反映主体近3个月涉及财务亏损类负面新闻的比重相对行业平均水平越大,数值,%
318,indus_rela_last3M_news_label_6003007_num,行业相对_近3个月_新闻_标签_关联企业出现问题_数量,高频,负面新闻量(关联企业出现问题类)_超出行业平均_近3个月,舆情,新闻公告,主体近3个月内标签为关联企业出现问题的负面新闻数量统计-行业内所有主体近3个月内标签为关联企业出现问题的负面新闻数量统计中位数,反映主体近3个月内涉及关联企业出现问题负面新闻数量相对行业平均水平的表现，指标值越大反映主体3个月内涉及关联企业出现问题负面新闻数量相对行业平均水平越多,条,条
319,last6M_news_label_6002002_rate,近6个月_新闻_标签_流动性风险_占比,高频,流动性风险类负面新闻占比_近6个月,舆情,新闻公告,近6个月内标签为流动性风险的负面新闻数量/近6个月内所有负面新闻数量,反映主体近6个月内负面新闻中流动性风险类负面新闻占比，指标值越大反映主体近6个月涉及流动性风险类负面新闻的比重越大,数值,%
320,last6M_news_label_6002001_num,近6个月_新闻_标签_财务亏损_数量,高频,负面新闻量(财务亏损类)_近6个月,舆情,新闻公告,近6个月内标签为财务亏损的负面新闻数量统计,值越大反映主体近6个月内涉及财务亏损类负面新闻越多,条,条
321,indus_rela_last12M_news_label_6009002_num,行业相对_近12个月_新闻_标签_股份减持_数量,高频,负面新闻量(股份减持类)_超出行业平均_近12个月,舆情,新闻公告,近12个月内主体涉及标签为股份减持负面新闻的数量统计-行业内所有主体近12个月内标签为股份减持负面新闻的数量统计中位数,反映主体近12个月内涉及股份减持负面新闻数量相对行业平均水平的表现，指标值越大反映主体12个月内涉及股份减持负面新闻数量相对行业平均水平越多,条,条
322,indus_rela_last12M_news_label_6002012_num,行业相对_近12个月_新闻_标签_其他财务预警_数量,高频,负面新闻量(财务预警类)_超出行业平均_近12个月,舆情,新闻公告,近12个月内主体涉及标签为其他财务预警负面新闻的数量统计-行业内所有主体近12个月内标签为其他财务预警负面新闻的数量统计中位数,反映主体近12个月内涉及其他财务预警负面新闻数量相对行业平均水平的表现，指标值越大反映主体12个月内涉及其他财务预警负面新闻数量相对行业平均水平越多,条,条
323,indus_rela_last12M_news_label_6009003_num,行业相对_近12个月_新闻_标签_证券价格异常波动_数量,高频,负面新闻量(证券价格异常波动类)_超出行业平均_近12个月,舆情,新闻公告,近12个月内主体涉及标签为证券价格异常波动负面新闻的数量统计-行业内所有主体近12个月内标签为证券价格异常波动负面新闻的数量统计中位数,反映主体近12个月内涉及证券价格异常负面新闻数量相对行业平均水平的表现，指标值越大反映主体12个月内涉及证券价格异常负面新闻数量相对行业平均水平越多,条,条
324,last12M_news_label_6002002_rate,近12个月_新闻_标签_流动性风险_占比,高频,流动性风险类负面新闻占比_近12个月,舆情,新闻公告,近12个月内标签为流动性风险的负面新闻数量/近12个月内所有负面新闻数量,反映主体近12个月内负面新闻中流动性风险类负面新闻占比，指标值越大反映主体近12个月涉及流动性风险类负面新闻的比重越大,数值,%
325,last12M_news_label_6001002_num,近12个月_新闻_标签_评级下调_数量,高频,负面新闻量(评级下调类)_近12个月,舆情,新闻公告,近12个月内标签为评级下调的负面新闻数量统计,值越大反映主体近12个月内涉及评级下调类负面新闻越多,条,条
326,last12M_news_label_-1_num,近12个月_新闻_标签_其他_数量,高频,负面新闻量(其他类)_近12个月,舆情,新闻公告,近12个月内标签为其他的负面新闻数量统计,值越大反映主体近12个月内其他类负面新闻越多,条,条
327,last12M_news_label_6003011_meanimportance,近12个月_新闻_标签_出售、变卖资产_情感平均值,高频,新闻负面程度(出售、变卖资产类)_近12个月,舆情,新闻公告,近12个月所有标签为出售、变卖资产负面新闻的情感加总/近12个月所有标签为出售、变卖资产负面新闻数量,反映主体近12个月内涉出售、变卖资产类负面新闻严重程度表现，指标值越低反映相关新闻越严重,,
328,last12M_news_count,近12个月_新闻_数量,高频,负面新闻量_近12个月,舆情,新闻公告,近12个月内所有负面新闻数量统计,指标值越大反映主体近12个月内负面新闻越多,条,条
329,last12M_news_label_6004024_num,近12个月_新闻_标签_其他管理预警_数量,高频,负面新闻量(管理预警类)_近12个月,舆情,新闻公告,近12个月内标签为其他管理预警的负面新闻数量统计,指标值越大反映主体近12个月内涉及其他管理预警类负面新闻越多,条,条
330,last12M_news_label_6007002_rate,近12个月_新闻_标签_担保过多_占比,高频,担保过多类负面新闻占比_近12个月,舆情,新闻公告,近12个月标签为担保过多的负面新闻数量/近12个月所有的负面新闻数量,指标值越大反映主体在近12个月内负面新闻中担保过多负面新闻的比重越大,数值,%
331,last12M_news_label_6003064_num,近12个月_新闻_标签_其他经营预警_数量,高频,负面新闻量(经营预警类)_近12个月,舆情,新闻公告,近12个月标签为其他经营预警的负面新闻数量,指标值越大反映主体在近12个月涉及其他经营预警负面新闻的数量越多,条,条
332,last6Mto12M_news_label_6003064_num,近6个月比近12个月_新闻_标签_其他经营预警_数量,高频,负面新闻增长率(经营预警类)_近6个月相对12个月,舆情,新闻公告,(近6个月标签为其他经营预警的负面新闻数量/6-近12个月标签为其他经营预警的负面新闻数量/12)/(近12个月标签为其他经营预警的负面新闻数量/12),反映主体涉其他经营预警类负面新闻数量的变化趋势，指标值越大反映主体涉其他经营预警类负面新闻有增长趋势,数值,%
333,last6M_announce_typename_003_num,近6个月_公告_类别名称_其它临时公告_数量,高频,公告量(其他临时公告类)_近12个月,舆情,新闻公告,近6个月内主体涉其它临时公告的数量统计,指标值越大反映主体近6个月内涉及其它临时公告越多,条,条
334,last12M_announce_typename_053_rate,近12个月_公告_类别名称_变更高级管理人员公告_占比,高频,变更高级管理人员类公告占比_近12个月,舆情,新闻公告,近12个月涉变更高级管理人员公告数量/近12个月涉及的所有公告数量,指标值越大反映主体近12个月内发布公告中涉及变更高级管理人员类公告的比重越大,数值,%
335,last6Mto12M_lawsuit_detailedreason_4_rate,近6个月比近12个月_法院诉讼_案由明细_买卖合同纠纷_占比,高频,买卖合同纠纷类案件占比的增长率(法院诉讼)_近6个月相对12个月,舆情,司法诉讼,[(近6个月涉买卖合同纠纷类法院诉讼案件数量/近6个月所有涉及的法院诉讼案件数量)-(近12个月涉买卖合同纠纷类法院诉讼案件数量/近12个月所有涉及的法院诉讼案件数量)]/(近12个月涉买卖合同纠纷类法院诉讼案件数量/近12个月所有涉及的法院诉讼案件数量),反映主体涉买卖合同纠纷类法院诉讼案件占比的变化趋势，指标值越大反映主体涉买卖合同纠纷类法院诉讼案件比重有增长趋势,数值,%
336,last3Mto12M_lawsuit_detailedreason_7_rate,近3个月比近12个月_法院诉讼_案由明细_合同纠纷_占比,高频,合同纠纷类案件占比的增长率(法院诉讼)_近3个月相对12个月,舆情,司法诉讼,[(近3个月涉合同纠纷类法院诉讼案件数量/近3个月所有涉及的法院诉讼案件数量)-(近12个月涉合同纠纷类法院诉讼案件数量/近12个月所有涉及的法院诉讼案件数量)]/(近12个月涉合同纠纷类法院诉讼案件数量/近12个月所有涉及的法院诉讼案件数量),反映主体涉合同纠纷类法院诉讼案件占比的变化趋势，指标值越大反映主体涉合同纠纷类法院诉讼案件比重有增长趋势,数值,%
337,last6Mto12M_lawsuit_detailedreason_7_num,近6个月比近12个月_法院诉讼_案由明细_合同纠纷_数量,高频,法院诉讼增长率(合同纠纷类)_近6个月相对12个月,舆情,司法诉讼,[(近6个月涉合同纠纷类法院诉讼案件数量/6)-(近12个月涉合同纠纷类法院诉讼案件数量/12)]/(近12个月涉合同纠纷类法院诉讼案件数量/12),反映主体涉合同纠纷类法院诉讼案件数量的变化趋势，指标值越大反映主体涉合同纠纷类法院诉讼案件数量有增长趋势,数值,%
338,last6Mto12M_lawsuit_partyrole_1_rate,近6个月比近12个月_法院诉讼_当事人类型_原告_占比,高频,作为原告涉案占比的增长率(法院诉讼)_近6个月相对12个月,舆情,司法诉讼,[(近6个月作为原告涉法院诉讼案件数量/近6个月所有涉及的法院诉讼案件数量)-(近12个月作为原告涉法院诉讼案件数量/近12个月所有涉及的法院诉讼案件数量)]/(近12个月作为原告涉法院诉讼案件数量/近12个月所有涉及的法院诉讼案件数量),反映主体作为原告涉法院诉讼案件占比的变化趋势，指标值越大反映主体作为原告涉法院诉讼案件比重有增长趋势,数值,%
339,last6Mto12M_lawsuit_lawsuitstatus_2_num,近6个月比近12个月_法院诉讼_诉讼阶段_民事二审_数量,高频,法院诉讼增长率(民事二审阶段)_近6个月相对12个月,舆情,司法诉讼,[(近6个月处于民事二审阶段法院诉讼案件数量/6)-(近12个月处于民事二审阶段法院诉讼案件数量/12)]/(近12个月处于民事二审阶段法院诉讼案件数量/12),反映主体涉法院诉讼且处于民事二审阶段案件数量的变化趋势，指标值越大反映主体处于民事二审阶段涉法院诉讼案件数量有增长趋势,数值,%
340,last6M_lawsuit_partyrole_4_num,近6个月_法院诉讼_当事人类型_被申请人_数量,高频,法院诉讼量(作为被申请人)_近6个月,舆情,司法诉讼,近6个月作为被申请人涉法院诉讼案件数量,指标值越大反映近6个月内主体作为被申请人涉法院诉讼案件数量越多,件,件
341,last6M_lawsuit_detailedreason_-99_rate,近6个月_法院诉讼_案由明细_其他_占比,高频,其他类案件占比(法院诉讼)_近6个月,舆情,司法诉讼,近6个月涉其他类法院诉讼案件数量/近6个月涉及的所有法院诉讼案件数量,指标值越大反映近6个月内主体涉其他类法院诉讼案件比重越大,数值,%
342,last12M_lawsuit_casetype_3_rate,近12个月_法院诉讼_案件类型_执行类案件_占比,高频,执行类案件占比(法院诉讼)_近12个月,舆情,司法诉讼,近12个月涉执行类法院诉讼案件数量/近12个月涉及的所有法院诉讼案件数量,指标值越大反映近12个月内主体涉执行类法院诉讼案件比重越大,数值,%
343,last12M_lawsuit_lawsuitstatus_1_rate,近12个月_法院诉讼_诉讼阶段_执行实施_占比,高频,已处执行实施阶段的案件占比(法院诉讼)_近12个月,舆情,司法诉讼,近12个月处于执行实施阶段法院诉讼案件数量/近12个月所有法院诉讼案件数量,指标值越大反映近12个月内主体处于执行实施阶段涉法院诉讼案件比重越大,数值,%
344,last12M_lawsuit_casetype_5_rate,近12个月_法院诉讼_案件类型_财产保全_占比,高频,财产保全类案件占比(法院诉讼)_近12个月,舆情,司法诉讼,近12个月涉财产保全类法院诉讼案件数量/近12个月所有法院诉讼案件数量,指标值越大反映近12个月内主体涉财产保全类法院诉讼案件比重越大,数值,%
345,last12M_lawsuit_partyrole_8_rate,近12个月_法院诉讼_当事人类型_被执行人_占比,高频,作为被执行人涉案占比(法院诉讼)_近12个月,舆情,司法诉讼,近12个月作为被执行人涉法院诉讼案件数量/近12个月涉及的所有法院诉讼案件数量,指标值越大反映近12个月内主体作为被执行人涉法院诉讼案件比重越大,数值,%
346,last12M_lawsuit_num,近12个月_法院诉讼_数量,高频,法院诉讼量_近12个月,舆情,司法诉讼,近12个月涉法院诉讼案件数量,指标值越大反映近12个月内主体涉法院诉讼案件数量越多,件,件
347,last12M_lawsuit_casetype_2_rate,近12个月_法院诉讼_案件类型_非讼程序案件案由_占比,高频,非讼程序类案件占比(法院诉讼)_近12个月,舆情,司法诉讼,近12个月涉非讼程序类法院诉讼案件数量/近12个月涉及的所有法院诉讼案件数量,指标值越大反映近12个月内主体涉非讼程序类法院诉讼案件比重越大,数值,%
348,last12M_lawsuit_detailedreason_0_rate,近12个月_法院诉讼_案由明细_金融借款合同纠纷_占比,高频,金融借款合同类案件占比(法院诉讼)_近12个月,舆情,司法诉讼,近12个月涉金融借款合同纠纷法院诉讼案件数量/近12个月涉及的所有法院诉讼案件数量,指标值越大反映近12个月内主体涉金融借款合同纠纷法院诉讼案件比重越大,数值,%
349,last12M_lawsuit_detailedreason_7_rate,近12个月_法院诉讼_案由明细_合同纠纷_占比,高频,合同纠纷类案件占比(法院诉讼)_近12个月,舆情,司法诉讼,近12个月涉合同纠纷法院诉讼案件数量/近12个月涉及的所有法院诉讼案件数量,指标值越大反映近12个月内主体涉合同纠纷法院诉讼案件比重越大,数值,%
350,last12M_lawsuit_lawsuitamt_mean,近12个月_法院诉讼_涉案金额_平均值,高频,涉案金额(法院诉讼)_近12个月,舆情,司法诉讼,近12个月法院诉讼案件涉案金额加总/近12个月法院诉讼案件数量,指标值越大反映近12个月内主体法院诉讼涉案金额越高,元,万元
351,last12M_lawsuit_partyrole_4_rate,近12个月_法院诉讼_当事人类型_被申请人_占比,高频,作为被申请人涉案占比(法院诉讼)_近12个月,舆情,司法诉讼,近12个月作为被申请人涉法院诉讼案件数量/近12个月涉及的所有法院诉讼案件数量,指标值越大反映近12个月内主体作为被申请人涉法院诉讼案件比重越大,数值,%
352,last6Mto12M_courttrial_trialstatus_5_rate,近6个月比近12个月_开庭庭审_诉讼地位代码_上诉人_占比,高频,作为上诉人涉案占比的增长率(开庭庭审)_近6个月相对12个月,舆情,司法诉讼,[(近6个月作为上诉人涉开庭庭审案件数量/近6个月所有涉及的开庭庭审案件数量)-(近12个月作为上诉人涉开庭庭审案件数量/近12个月所有涉及的开庭庭审案件数量)]/(近12个月作为上诉人涉开庭庭审案件数量/近12个月所有涉及的开庭庭审案件数量),反映主体作为上诉人涉开庭庭审案件占比的变化趋势，指标值越大反映主体作为上诉人涉开庭庭审案件比重有增长趋势,数值,%
353,last6Mto12M_courttrial_trialstatus_10_rate,近6个月比近12个月_开庭庭审_诉讼地位代码_当事人_占比,高频,作为当事人涉案占比的增长率(开庭庭审)_近6个月相对12个月,舆情,司法诉讼,[(近6个月作为当事人涉开庭庭审案件数量/近6个月所有涉及的开庭庭审案件数量)-(近12个月作为当事人涉开庭庭审案件数量/近12个月所有涉及的开庭庭审案件数量)]/(近12个月作为当事人涉开庭庭审案件数量/近12个月所有涉及的开庭庭审案件数量),反映主体作为当事人涉开庭庭审案件占比的变化趋势，指标值越大反映主体作为当事人涉开庭庭审案件比重有增长趋势,数值,%
354,last1M_courttrial_trialstatus_2_rate,近1个月_开庭庭审_诉讼地位代码_原审被告_占比,高频,作为原审被告涉案占比(开庭庭审)_近1个月,舆情,司法诉讼,近1个月作为原审被告涉开庭庭审案件数量/近1个月涉及的所有开庭庭审案件数量,指标值越大反映近1个月内主体作为原审被告涉开庭庭审案件比重越大,数值,%
355,last3Mto12M_courttrial_trialstatus_2_num,近3个月比近12个月_开庭庭审_诉讼地位代码_原审被告_数量,高频,开庭庭审增长率(作为原审被告)_近3个月相对12个月,舆情,司法诉讼,[(近3个月作为原审被告涉开庭庭审案件数量/3)-(近12个月作为原审被告涉开庭庭审案件数量/12)]/(近12个月作为原审被告涉开庭庭审案件数量/12),反映主体作为原审被告涉开庭庭审案件数量的变化趋势，指标值越大反映主体作为原审被告涉开庭庭审案件数量有增长趋势,数值,%
356,last3M_courttrial_trialstatus_2_rate,近3个月_开庭庭审_诉讼地位代码_原审被告_占比,高频,作为原审被告涉案占比(开庭庭审)_近3个月,舆情,司法诉讼,近3个月作为原审被告涉开庭庭审案件数量/近3个月涉及的所有开庭庭审案件数量,指标值越大反映近3个月内主体作为原审被告涉开庭庭审案件比重越大,数值,%
357,last3M_courttrial_trialstatus_2_num,近3个月_开庭庭审_诉讼地位代码_原审被告_数量,高频,开庭庭审量(作为原审被告)_近3个月,舆情,司法诉讼,近3个月作为原审被告涉开庭庭审案件数量统计,指标值越大反映近3个月内主体作为原审被告涉开庭庭审案件数量越多,件,件
358,last6M_courttrial_trialstatus_10_rate,近6个月_开庭庭审_诉讼地位代码_当事人_占比,高频,作为当事人涉案占比(开庭庭审)_近6个月,舆情,司法诉讼,近6个月作为当事人涉开庭庭审案件数量/近6个月涉及的所有开庭庭审案件数量,指标值越大反映近6个月内主体作为当事人涉开庭庭审案件比重越大,数值,%
359,last12M_courttrial_trialstatus_2_rate,近12个月_开庭庭审_诉讼地位代码_原审被告_占比,高频,作为原审被告涉案占比(开庭庭审)_近12个月,舆情,司法诉讼,近12个月作为原审被告涉开庭庭审案件数量/近12个月涉及的所有开庭庭审案件数量,指标值越大反映近12个月内主体作为原审被告涉开庭庭审案件比重越大,数值,%
360,last12M_courttrial_trialstatus_5_rate,近12个月_开庭庭审_诉讼地位代码_上诉人_占比,高频,作为上诉人涉案占比(开庭庭审)_近12个月,舆情,司法诉讼,近12个月作为上诉人涉开庭庭审案件数量/近12个月涉及的所有开庭庭审案件数量,指标值越大反映近12个月内主体作为上诉人涉开庭庭审案件比重越大,数值,%
361,last12M_courttrial_trialstatus_10_rate,近12个月_开庭庭审_诉讼地位代码_当事人_占比,高频,作为当事人涉案占比(开庭庭审)_近12个月,舆情,司法诉讼,近12个月作为当事人涉开庭庭审案件数量/近12个月涉及的所有开庭庭审案件数量,指标值越大反映近12个月内主体作为当事人涉开庭庭审案件比重越大,数值,%
362,last3Mto12M_honesty_penaltystatus_2_num,近3个月比近12个月_诚信_处罚实施状态_实际处罚_数量,高频,诚信处罚增长率(已被实际处罚)_近3个月相对12个月,舆情,诚信处罚,[(近3个月受实际处罚诚信案件数量/3)-(近12个月受实际处罚诚信案件数量/12)]/(近12个月受实际处罚诚信案件数量/12),反映主体受实际处罚的诚信案件数量变化趋势，指标值越大反映主体受实际处罚的诚信案件数量有增长趋势,数值,%
363,last6Mto12M_honesty_secclass_22000078_rate,近6个月比近12个月_诚信_二级分类_纳入被执行人_占比,高频,纳入被执行人处罚占比的增长率_近6个月相对12个月,舆情,诚信处罚,[(近6个月纳入被执行人诚信案件数量/近6个月涉及的所有诚信案件数量)-(近12个月纳入被执行人诚信案件数量/近12个月涉及的所有诚信案件数量)]/(近12个月纳入被执行人诚信案件数量/近12个月涉及的所有诚信案件数量),反映主体涉纳入被执行人诚信案件占比的变化趋势，指标值越大反映主体纳入被执行人诚信案件比重有增长趋势,数值,%
364,last6M_honesty_num,近6个月_诚信_数量,高频,诚信处罚量_近6个月,舆情,诚信处罚,近6个月涉及的所有诚信案件数量,值越大反映主体近6个月内新增诚信案件数量越多,件,件
365,last1Mto6M_cbvaluation_basis_min,近1个月比近6个月_中债估值_估价基点价值_最小值,高频,估价基点价值增长率(最小值对比)_近1个月相对6个月,市场,估值变动,(近1个月发行人旗下债券估价基点价值最小值-近6个月发行人旗下债券估价基点价值最小值)/近6个月发行人旗下债券估价基点价值最小值,反映债券价格对于利率变动敏感度的变化，体现利率风险的变化趋势，指标值为正且越大反映主体旗下债券价格对于利率变动敏感度有增长趋势,数值,%
366,last1Mto6M_cbvaluation_yield_min,近1个月比近6个月_中债估值_估价收益率_最小值,高频,估价收益率增长率(最小值对比)_近1个月相对6个月,市场,估值变动,(近1个月发行人旗下债券估价收益率最小值-近6个月发行人旗下债券估价收益率最小值)/近6个月发行人旗下债券估价收益率最小值,反映债券收益率波动趋势，指标值为正且越大反映主体旗下债券估价收益率呈增长趋势,数值,%
367,factor_514,一般公共预算收入（全口径）,低频-城投,一般公共预算收入（全口径）,经营,地方财政,全市口径的一般公共预算收入当年预算执行值，包括税收、非税收,一般公共预算收入越高，地方政府稳定的财政收入水平越高，政府稳定的偿债来源越高。,,
368,factor_520,财政自给率（全口径）,低频-城投,财政自给率（全口径）,经营,地方财政,一般公共预算收入（全口径）/一般公共预算支出（全口径）,自给率越高，政府财政平衡情况越好,数值,%
369,zs_factor_16,调整后所有者权益,低频-城投,调整后所有者权益,财务,规模水平,所有者权益-其他权益工具,调整后的所有者权益越大，企业可以承担的风险越大，企业信用风险越低。,元,亿元
370,factor_527,GDP,低频-城投,GDP,经营,区域经济,地区生产总值,指标反映了当地经济发展规模，经济规模越大，地方政府偿债基础越高。,元,亿元
371,Finance_527,融资成本,低频-城投,融资成本,财务,融资能力,2*分配股利、利润或偿付利息支付的现金/((本期期末短期借款+本期期末应付票据+本期期末一年内到期的非流动负债+本期期末其他流动负债+本期期末应付短期债券+本期期末长期借款+本期期末应付债券+本期期末长期应付款+本期期末其他权益工具+本期期末租赁负债)+(上期期末短期借款+上期期末应付票据+上期期末一年内到期的非流动负债+上期期末其他流动负债+上期期末应付短期债券+上期期末长期借款+上期期末应付债券+上期期末长期应付款+上期期末其他权益工具+上期期末租赁负债)),融资成本越高，企业在市场上的融资能力越差，市场对其资质认可也较差,数值,%
372,zs_factor_38,应收款项占比,低频-城投,应收款项占比,财务,营运能力,（应收账款+其他应收款+存货）/总资产,城投企业在参与政府建设过程中的建设款是计入应收账款。应收账款越高表明地方政府对平台的资金占用程度越高，企业的资产质量越差，信用风险越高。,数值,%
373,factor_516,地方政府可支配财力（全口径）,低频-城投,地方政府可支配财力（全口径）,经营,地方财政,一般公共预算收入（全口径）+转移支付（全口径）+政府性基金收入（全口径）,地方全口径的可支配财力越高，地方政府财政实力越强，偿债能力越高。,元,亿元
374,factor_526,人均GDP,低频-城投,人均GDP,经营,区域经济,人均GDP,指标反映当地经济发展质量。经济发展质量越高，地方政府偿债基础越高。,元,元
375,factor_528,第二、三产业产值占比,低频-城投,第二、三产业产值占比,经营,区域经济,（第二产业+第三产业）/地区生产总值,第二、三产业对税收的贡献较为明显，指标越高，政府税收保障越高。,数值,%
376,factor_907,政府性基金预算收入（全口径）,低频-城投,政府性基金预算收入（全口径）,经营,地方财政,政府性基金预算收入（全口径）,政府性基金收入（全口径）越大，平台的风险相对较低,元,亿元
377,Size17,其他收益,低频-城投,其他收益,经营,政府支持,其他收益,其他收益越大，表明地方政府对该平台的支持力度越大。,元,亿元
378,factor_522,行政级别,低频-城投,行政级别,经营,地方财政,地方政府行政级别,行政级别影响区域地位、内部资源禀赋以及可获取的外部支持、财政自由度。行政级别越高，违约的可能性更小。,,
379,factor_533,常住人口,低频-城投,常住人口,经营,区域经济,常住人口,人口越多，经济发展潜在规模越大,万人,万人
380,factor_771,所在省金融实力,低频-城投,所在省金融实力,经营,区域经济,所在省金融实力,城投公司所在省份的银行总规模占全国银行总规模之比，占比越大，政府可用的金融资源越多，政府腾挪空间更大,,
381,zs_factor_12,吸收投资现金占比,低频-城投,吸收投资现金占比,经营,政府支持,吸收投资收到的货币资金/平台有息债务,融资平台中吸收投资收到现金占有息债务比越高，平台盈利能力越强,数值,%
382,factor_518,税收占一般公共预算收入之比（全口径）,低频-城投,税收占一般公共预算收入之比（全口径）,经营,地方财政,税收收入（全口径）/一般公共预算收入（全口径）,税收占比越高，财政收入越稳定。,数值,%
383,factor_521,财政自给率（本级）,低频-城投,财政自给率（本级）,经营,地方财政,一般公共预算收入（本级）/一般公共预算支出（本级）,自给率越高，本级政府的财政平衡情况越好,数值,%
384,factor_888,地方政府平台债务率,低频-城投,地方政府平台债务率,经营,区域债务,地方政府有息债/一般公共预算收入（本级）,地方政府平台债务率越高，政府债务程度越高，地方政府信用风险越高。,数值,%
385,zs_factor_09,资本公积与股本变动,低频-城投,资本公积与股本变动,经营,政府支持,资本公积+股本（或者实收资本）-上期资本公积-上期股本（或者上期实收资本）,资本公积和股本变动情况能够反映地方政府的支持力度。增加额越高，表明地方政府支持力度大。,元,亿元
386,zs_factor_23,现金/短期债务,低频-城投,现金/短期债务,财务,偿债能力,货币资金/(短期借款+应付票据+一年内到期非流动负债）,比例越高说明企业的资金利用率越低，盈利能力越差,数值,%
387,zs_factor_30,短期债务利息支付覆盖率,低频-城投,短期债务利息支付覆盖率,财务,偿债能力,（货币资金+交易性金融资产）/(短期债务2+分配股利利润或偿付利息支付的货币资金）,短期债务利息支付覆盖率越高，企业短期偿债能力越强。,数值,%
388,factor_001,股权结构,低频-城投,股权结构,经营,政府支持,实际控制人的性质及控股比例,拥有国家或地方政府背景的企业，更容易获得各种优惠政策，同时业务的运营发展也会受益于政府支持，在面临经济的不确定因素时，更容易得到政府救助。且通常持股比例越大，其救助意愿更强。,,
389,factor_181,常住人口增长率,低频-城投,常住人口增长率,经营,区域经济,参照上年常住人口数以及本年常住人口数数计算常住人口增长率,常住人口增长率较大表明人口增长或者流入的规模越大，未来经济发展的规模越大。,数值,%
390,factor_512,平台重要性,低频-城投,平台重要性,经营,政府支持,该平台在当地政府所辖平台中的重要程度,平台重要性程度越高，获得政府救助的可能性以及政府救助的力度越大，企业的信用资质越好。,,
391,factor_524,区域金融中心,低频-城投,区域金融中心,经营,区域经济,是否为区域性经济金融中心,区域金融中心政府的金融资源相对较多，政府腾挪空间更大。,,
392,zs_factor_35,累计经营净现金流利息覆盖率,低频-城投,累计经营净现金流利息覆盖率,财务,偿债能力,（经营活动产生的货币资金流量净额+上期经营活动产生的货币资金流量净额+上上期经营活动产生的货币资金流量净额）/(分配股利利润或偿付利息支付的货币资金+上期分配股利利润或偿付利息支付的货币资金+上上期分配股利利润或偿付利息支付的货币资金),累计经营净现金流利息覆盖率越高，企业的现金流越充足，企业的信用风险相对较低。,数值,%
393,indus_rela_yoy12_total_profit_yoy,行业相对_1年同比增长利润总额同比增长率,中频-产业,利润总额同比增长率_1年同比增长率_超出行业平均,财务,盈利能力,【(最新财报利润总额同比增长率/上年同期财报利润总额同比增长率)-1】-【行业所有主体中位数：(最新财报利润总额同比增长率/1年前同期财报利润总额同比增长率)-1】。其中：利润总额同比增长率{单位：%}。利润总额同比增长率=（本期利润总额-上年同期利润总额）/ABS（上年同期利润总额）,反映利润增速同比变动对比行业平均的表现，值越大说明企业相对行业平均利润增长越快。,数值,%
394,indus_rela_yoy12_dwi_toall_invest_capital,行业相对_1年同比增长带息债务/全部投入资本,中频-产业,带息债务/全部投入资本_1年同比增长率_超出行业平均,财务,偿债能力,【(最新财报(带息债务／全部投入资本)/上年同期财报(带息债务／全部投入资本))-1】-【行业所有主体中位数：(最新财报(带息债务／全部投入资本)/上年同期财报(带息债务／全部投入资本))-1】。其中：带息债务／全部投入资本{单位：%}。带息债务／全部投入资本,反映带息债务占比变动率对比行业平均的表现，值越大说明债务比重及杠杆风险相较行业平均水平有更严重趋势。,数值,%
395,indus_rela_yoy12_annual_tot_ass_reward_rate,行业相对_1年同比增长年化总资产报酬率,中频-产业,年化总资产报酬率_1年同比增长率_超出行业平均,财务,盈利能力,【(最新年化总资产报酬率/上年年化总资产报酬率)-1】-【行业所有主体中位数：(最新年化总资产报酬率/上年年化总资产报酬率)-1】。其中：年化总资产报酬率{单位：%}。根据报告期中总资产报酬率计算：一季报*4；二季报*2；三季报*4/3；年报*1。总资产报酬率=息税前利润*2/（期初总资产+期末总资产）*100%,反映每单位资产所创造净利润变动率对比行业平均的表现，值越大说明企业盈利能力相对行业平均越强。,数值,%
396,indus_rela_yoy12_free_cf_ps,行业相对_1年同比增长每股股东自由现金流量,中频-产业,每股股东自由现金流量_1年同比增长率_超出行业平均,财务,规模水平,【(最新财报每股股东自由现金流量/上年同期财报每股股东自由现金流量)-1】-【行业所有主体中位数：(最新财报每股股东自由现金流量/上年同期财报每股股东自由现金流量)-1】。其中：每股股东自由现金流量{单位：元/股}；每股股东自由现金流量=股东自由现金流量/期末总股本,反映分配给企业股东的剩余现金流量变动率对比行业平均的表现，值越大说明企业自由现金流相对行业平均越充足。,数值,%
397,indus_rela_yoy12_ncf_from_oa_to_revenue,行业相对_1年同比增长经营活动产生的现金流量净额/营业收入,中频-产业,经营活动产生的现金流量净额/营业收入_1年同比增长率_超出行业平均,财务,盈利能力,【(最新财报(经营活动产生的现金流量净额／营业收入)/上年同期财报(经营活动产生的现金流量净额／营业收入))-1】-【行业所有主体中位数：(最新财报(经营活动产生的现金流量净额／营业收入)/上年同期财报(经营活动产生的现金流量净额／营业收入))-1】。其中：经营活动产生的现金流量净额／营业收入{单位：%}。经营活动产生的现金流量净额/营业总收入,反映经营现金流占比营业收入变动率对比行业平均的表现，值越大说明企业资金流入增长相对行业平均越多。,数值,%
398,indus_rela_yoy12_revenue_yoy,行业相对_1年同比增长营业总收入同比增长率,中频-产业,营业总收入同比增长率_1年同比增长率_超出行业平均,财务,规模水平,【(最新财报营业总收入同比增长率/上年同期财报营业总收入同比增长率)-1】-【行业所有主体中位数：(最新财报营业总收入同比增长率/上年同期财报营业总收入同比增长率)-1】。其中：营业总收入同比增长率{单位：%},反映营业收入增长变动率对比行业平均的表现，值越大说明企业营业收入增长相对行业平均越多。,数值,%
399,indus_rela_yoy12_sales_dur_fee_rate,行业相对_1年同比增长销售期间费用率,中频-产业,销售期间费用率_1年同比增长率_超出行业平均,财务,营运能力,【(最新财报销售期间费用率/上年同期财报销售期间费用率)-1】-【行业所有主体中位数：(最新财报销售期间费用率/上年同期财报销售期间费用率)-1】。其中：销售期间费用率{单位：%}；销售期间费用率=（销售费用+管理费用+财务费用）/营业收入*100%,反映期间费用与营业收入比值变动率对比行业平均的表现，值越大说明企业盈利能力相对行业平均越弱。,数值,%
400,indus_rela_yoy13_ar_and_br_turnover,行业相对_2年同比增长应收账款及应收票据周转率,中频-产业,应收账款及应收票据周转率_2年同比增长率_超出行业平均,财务,营运能力,【(最新财报应收账款及应收票据周转率/上上年同期财报应收账款及应收票据周转率)-1】-【行业所有主体中位数：(最新财报应收账款及应收票据周转率/上上年同期财报应收账款及应收票据周转率)-1】。其中：应收账款及应收票据周转率{单位：次}；应收账款及应收票据周转率=营业收入*2/（期末应收账款+期末应收票据+期初应收账款+期初应收票据）,反映应收账款转为现金平均次数的变动率对比行业平均的表现，该指标越高，说明账款回收相比行业平均水平更快。,数值,%
401,indus_rela_yoy13_op_to_revenue,行业相对_2年同比增长营业利润／营业总收入,中频-产业,营业利润／营业总收入_2年同比增长率_超出行业平均,财务,盈利能力,【(最新财报(营业利润／营业总收入)/上上年同期财报(营业利润／营业总收入))-1】-【行业所有主体中位数：(最新财报(营业利润／营业总收入)/上上年同期财报(营业利润／营业总收入))-1】。其中：营业利润／营业总收入{单位：%}；旧准则：（营业利润+投资收益）/主营业务收入*100%；新准则：营业利润/营业总收入*100%（一般企业）营业总收入=营业收入+利息收入+已赚保费+手续费及佣金收入（银行、证券、保险）营业总收入=营业总收入,反映企业盈利能力变动率对比行业平均的表现，值越大说明盈利能力相比行业平均水平越高。,数值,%
402,indus_rela_yoy13_gross_selling_rate,行业相对_2年同比增长销售毛利率,中频-产业,销售毛利率_2年同比增长率_超出行业平均,财务,盈利能力,【(最新财报销售毛利率/上上年同期财报销售毛利率)-1】-【行业所有主体中位数：(最新财报销售毛利率/上上年同期财报销售毛利率)-1】。其中：销售毛利率{单位：%}；销售毛利率=毛利/营业收入=（营业收入-营业成本）/营业收入*100%,反映企业获利能力变动率对比行业平均的表现，值越大说明获利能力相比行业平均水平越高。,数值,%
403,indus_rela_ta_to_dwi,行业相对_有形资产／带息债务,中频-产业,有形资产／带息债务_超出行业平均,财务,偿债能力,【最新财报有形资产／带息债务】-【行业所有主体中位数：有形资产／带息债务】。,反映企业偿债能力对比行业平均的表现，值越大说明偿债能力相比行业平均水平越强。,倍,倍
404,indus_rela_avg_roe,行业相对_平均净资产收益率,中频-产业,平均净资产收益率_超出行业平均,财务,盈利能力,【最新财报平均净资产收益率】-【行业所有主体中位数：平均净资产收益率】。其中：平均净资产收益率{单位：%}；平均净资产收益率=归属母公司股东的净利润*2/（期初归属母公司股东权益合计+期末归属母公司股东权益合计）,反映每1元净资产创造的净利润对比行业平均的表现，值越大说明盈利能力相比行业平均水平越强。,%,%
405,indus_rela_act_receivable_turnover,行业相对_应收账款周转率,中频-产业,应收账款周转率_超出行业平均,财务,营运能力,【最新财报应收账款周转率】-【行业所有主体中位数：应收账款周转率】。其中：应收账款周转率{单位：次}；应收账款周转率=营业收入*2/（期末应收账款+期初应收账款）,反映应收账款转为现金的平均次数对比行业平均的表现，值越大说明账款回收相比行业平均水平越快。,次,次
406,indus_rela_net_profit_atsopc_yoy,行业相对_归属母公司股东的净利润同比增长率,中频-产业,归属母公司股东的净利润同比增长率_超出行业平均,财务,盈利能力,【最新财报归属母公司股东的净利润同比增长率】-【行业所有主体中位数：归属母公司股东的净利润同比增长率】。其中：归属母公司股东的净利润同比增长率{单位：%}；归属母公司股东的净利润同比增长率=（本期归属母公司股东的净利润-上年同期归属母公司股东的净利润）/ABS（上年同期归属母公司股东的净利润）,反映企业盈利能力变化情况对比行业平均的表现，值越大说明盈利能力相比行业平均水平增速快。,%,%
407,indus_rela_ta_to_net_debt,行业相对_有形资产／净债务,中频-产业,有形资产／净债务_超出行业平均,财务,偿债能力,【最新财报有形资产／净债务】-【行业所有主体中位数：有形资产／净债务】。,反映企业偿债能力对比行业平均的表现，值越大说明偿债能力相比行业平均水平越强。,倍,倍
408,indus_rela_np_per_share,行业相对_每股净资产,中频-产业,每股净资产_超出行业平均,财务,规模水平,【最新财报每股净资产】-【行业所有主体中位数：每股净资产】。其中：每股净资产{单位：元},反映每股股票所拥有的资产价值对比行业平均的表现，值越大说明每股资产价值相比行业平均水平越高。,元,元
409,indus_rela_cash_cycle,行业相对_现金循环周期,中频-产业,现金循环周期_超出行业平均,财务,营运能力,【最新财报现金循环周期】-【行业所有主体中位数：现金循环周期】。其中：现金循环周期{单位：天}；现金循环周期=存货周转天数+应收账款周转天数-应付账款周转天数,反映从付出现金到收到现金所需的平均时间对比行业平均的表现，值越大说明资金使用效率相比行业平均水平越高。,天,天
410,indus_rela_holder_equity,行业相对_股东权益比率,中频-产业,股东权益比率_超出行业平均,财务,资本结构,【最新财报股东权益比率】-【行业所有主体中位数：股东权益比率】。其中：股东权益比率{单位：%},反映股东权益与资产比值对比行业平均的表现，值过大或过小说明相比行业平均水平越过度负债或越未积极扩大规模。,%,%
411,indus_rela_op_to_revenue,行业相对_营业利润／营业总收入,中频-产业,营业利润／营业总收入_超出行业平均,财务,盈利能力,【最新财报营业利润／营业总收入】-【行业所有主体中位数：营业利润／营业总收入】。其中：营业利润／营业总收入{单位：%}；旧准则：（营业利润+投资收益）/主营业务收入*100%；新准则：营业利润/营业总收入*100%（一般企业）营业总收入=营业收入+利息收入+已赚保费+手续费及佣金收入（银行、证券、保险）营业总收入=营业总收入,反映企业盈利能力对比行业平均的表现，值越大说明盈利能力相比行业平均水平越高。,%,%
412,indus_rela_revenue_yoy,行业相对_营业总收入同比增长率,中频-产业,营业总收入同比增长率_超出行业平均,财务,规模水平,【最新财报营业总收入同比增长率】-【行业所有主体中位数：营业总收入同比增长率】。其中：营业总收入同比增长率{单位：%},反映营业收入增长对比行业平均的表现，值越大说明企业营业收入增长相对行业平均越多。,%,%
413,indus_rela_operate_income_growth,行业相对_营业收入增长率,中频-产业,营业收入增长率_超出行业平均,财务,规模水平,【最新财报营业收入增长率】-【行业所有主体中位数：营业收入增长率】。其中：营业收入增长率{单位：%},反映营业收入增长对比行业平均的表现，值越大说明企业营业收入增长相对行业平均越多。,%,%
414,indus_rela_operating_capital_turnover,行业相对_营运资金周转率,中频-产业,营运资金周转率_超出行业平均,财务,营运能力,【最新财报营运资金周转率】-【行业所有主体中位数：营运资金周转率】。其中：营运资金周转率{单位：次}；营运资金周转率=营业收入*2/（期末营运资金+期初营运资金）,反映营运资本运用效率对比行业平均的表现，值越大说明企业营运效率增长相对行业平均越高。,次,次
415,indus_rela_finance_cost_tot_revenue,行业相对_财务费用／营业总收入,中频-产业,财务费用／营业总收入_超出行业平均,财务,盈利能力,【最新财报财务费用／营业总收入】-【行业所有主体中位数：财务费用／营业总收入】。其中：财务费用／营业总收入{单位：%}；旧准则：财务费用/主营业务收入*100%；新准则：财务费用/营业总收入*100%（一般企业）营业总收入=营业收入+利息收入+已赚保费+手续费及佣金收入（银行、证券、保险）营业总收入=营业总收入,反映企业财务支出对比行业平均的表现，值小于0且越小说明相对行业中等水平成本控制越好。,%,%
416,yoy12_asset_liab_ratio,1年同比增长资产负债率,中频-产业,资产负债率_1年同比增长率,财务,资本结构,【最新财报资产负债率/上年同期资产负债率-1】。其中：资产负债率{单位：%}；资产负债率=负债总额/资产总额,反映企业负债水平变化率，值越大说明负债水平增大。,%,%
417,dwi_toall_invest_capital,带息债务／全部投入资本,中频-产业,带息债务／全部投入资本,财务,偿债能力,带息债务／全部投入资本{单位：%},反映企业带息债务占比，值越大说明债务比重及杠杆风险大。,%,%
418,creditrisk_highfreq_unsupervised,,无监督,,异常风险检测,,,,,
